date,mean_LST_K,landsat
1989-01-15,288.63538331869734,LANDSAT/LT04/C02/T1_L2
1989-01-15,288.4858448341624,LANDSAT/LT04/C02/T1_L2
1989-01-31,289.27451083845943,LANDSAT/LT04/C02/T1_L2
1989-03-04,292.3157309908925,LANDSAT/LT04/C02/T1_L2
1988-01-05,269.82513641432286,LANDSAT/LT05/C02/T1_L2
1988-01-21,288.88829576622084,LANDSAT/LT05/C02/T1_L2
1988-02-06,288.99682894713163,LANDSAT/LT05/C02/T1_L2
1988-02-06,288.88139081697267,LANDSAT/LT05/C02/T1_L2
1988-10-03,300.44986294719143,LANDSAT/LT05/C02/T1_L2
1988-10-03,300.55195113545255,LANDSAT/LT05/C02/T1_L2
1988-10-19,296.936472434919,LANDSAT/LT05/C02/T1_L2
1988-10-19,297.1168455961649,LANDSAT/LT05/C02/T1_L2
1988-11-20,294.4319669241499,LANDSAT/LT05/C02/T1_L2
1988-11-20,294.3265852012833,LANDSAT/LT05/C02/T1_L2
1988-12-22,266.588354831353,LANDSAT/LT05/C02/T1_L2
1989-01-23,287.05305084633153,LANDSAT/LT05/C02/T1_L2
1989-02-24,288.58217846773573,LANDSAT/LT05/C02/T1_L2
1989-02-24,288.53435406415485,LANDSAT/LT05/C02/T1_L2
1989-03-12,289.59128525813344,LANDSAT/LT05/C02/T1_L2
1989-03-12,289.62567483021263,LANDSAT/LT05/C02/T1_L2
1989-04-29,296.5479456194216,LANDSAT/LT05/C02/T1_L2
1989-05-15,294.5462784049024,LANDSAT/LT05/C02/T1_L2
1989-05-15,294.5434484423669,LANDSAT/LT05/C02/T1_L2
1989-05-31,299.2021442814085,LANDSAT/LT05/C02/T1_L2
1989-05-31,298.8661003340178,LANDSAT/LT05/C02/T1_L2
1989-06-16,295.95169342,LANDSAT/LT05/C02/T1_L2
1989-11-07,293.8787791891775,LANDSAT/LT05/C02/T1_L2
1989-11-07,293.888651919437,LANDSAT/LT05/C02/T1_L2
1989-11-23,291.63378199385664,LANDSAT/LT05/C02/T1_L2
1989-11-23,291.72493260911585,LANDSAT/LT05/C02/T1_L2
1989-12-25,289.70236579167783,LANDSAT/LT05/C02/T1_L2
1989-12-25,289.8036446758237,LANDSAT/LT05/C02/T1_L2
1990-01-10,274.7391237407578,LANDSAT/LT05/C02/T1_L2
1990-01-26,289.023488714819,LANDSAT/LT05/C02/T1_L2
1990-01-26,289.030771663461,LANDSAT/LT05/C02/T1_L2
1990-02-11,287.87289061665433,LANDSAT/LT05/C02/T1_L2
1990-02-27,290.0510072714254,LANDSAT/LT05/C02/T1_L2
1990-03-15,290.39639985776324,LANDSAT/LT05/C02/T1_L2
1990-03-15,290.3990953261722,LANDSAT/LT05/C02/T1_L2
1990-04-16,296.08089252436395,LANDSAT/LT05/C02/T1_L2
1990-04-16,296.2175036387398,LANDSAT/LT05/C02/T1_L2
1990-05-02,293.5429424087724,LANDSAT/LT05/C02/T1_L2
1990-06-03,293.2100264039622,LANDSAT/LT05/C02/T1_L2
1991-01-29,287.56600270594294,LANDSAT/LT05/C02/T1_L2
1991-01-29,287.64039961880906,LANDSAT/LT05/C02/T1_L2
1991-02-14,288.69151099251565,LANDSAT/LT05/C02/T1_L2
1991-02-14,288.5606062892698,LANDSAT/LT05/C02/T1_L2
1991-03-18,293.12414308955994,LANDSAT/LT05/C02/T1_L2
1991-03-18,293.0928346924951,LANDSAT/LT05/C02/T1_L2
1991-04-03,296.1304177717741,LANDSAT/LT05/C02/T1_L2
1991-04-03,296.15601505999996,LANDSAT/LT05/C02/T1_L2
1991-05-05,295.4391886605618,LANDSAT/LT05/C02/T1_L2
1991-05-05,295.5585245746144,LANDSAT/LT05/C02/T1_L2
1991-05-21,294.9129983793719,LANDSAT/LT05/C02/T1_L2
1991-05-21,294.84586194645556,LANDSAT/LT05/C02/T1_L2
1991-09-10,294.5241224070774,LANDSAT/LT05/C02/T1_L2
1991-09-26,300.79019186266277,LANDSAT/LT05/C02/T1_L2
1991-09-26,300.78904570829224,LANDSAT/LT05/C02/T1_L2
1991-10-12,299.7192447805829,LANDSAT/LT05/C02/T1_L2
1991-10-12,299.82784745509633,LANDSAT/LT05/C02/T1_L2
1991-10-28,295.2804765747187,LANDSAT/LT05/C02/T1_L2
1991-10-28,295.27751000744,LANDSAT/LT05/C02/T1_L2
1991-11-13,293.7241009172393,LANDSAT/LT05/C02/T1_L2
1991-11-13,293.7742829598166,LANDSAT/LT05/C02/T1_L2
1991-11-29,277.975532757459,LANDSAT/LT05/C02/T1_L2
1991-12-15,289.526014970153,LANDSAT/LT05/C02/T1_L2
1991-12-15,289.5231871440234,LANDSAT/LT05/C02/T1_L2
1991-12-31,287.7039313685534,LANDSAT/LT05/C02/T1_L2
1991-12-31,287.8246538513961,LANDSAT/LT05/C02/T1_L2
1992-01-16,286.80514992279575,LANDSAT/LT05/C02/T1_L2
1992-01-16,286.7718751118727,LANDSAT/LT05/C02/T1_L2
1992-02-01,287.39867330528637,LANDSAT/LT05/C02/T1_L2
1992-02-17,288.4283543028504,LANDSAT/LT05/C02/T1_L2
1992-02-17,288.43891551356324,LANDSAT/LT05/C02/T1_L2
1992-03-04,289.62654825181903,LANDSAT/LT05/C02/T1_L2
1992-03-04,289.60123926210605,LANDSAT/LT05/C02/T1_L2
1992-03-20,289.4608981758538,LANDSAT/LT05/C02/T1_L2
1992-03-20,291.02239835884495,LANDSAT/LT05/C02/T1_L2
1992-06-24,284.4570119868767,LANDSAT/LT05/C02/T1_L2
1992-07-26,294.33085620305144,LANDSAT/LT05/C02/T1_L2
1992-07-26,294.46283500771017,LANDSAT/LT05/C02/T1_L2
1992-08-11,304.88567619127195,LANDSAT/LT05/C02/T1_L2
1992-10-14,295.62788621048395,LANDSAT/LT05/C02/T1_L2
1992-10-14,295.46092368365356,LANDSAT/LT05/C02/T1_L2
1992-11-15,294.9566289388846,LANDSAT/LT05/C02/T1_L2
1992-11-15,294.79422723858374,LANDSAT/LT05/C02/T1_L2
1992-12-01,285.62875966244474,LANDSAT/LT05/C02/T1_L2
1992-12-01,288.0516061176037,LANDSAT/LT05/C02/T1_L2
1992-12-17,288.6695911096596,LANDSAT/LT05/C02/T1_L2
1992-12-17,288.67203034508367,LANDSAT/LT05/C02/T1_L2
1993-01-02,284.76375440000004,LANDSAT/LT05/C02/T1_L2
1993-01-02,284.76375440000004,LANDSAT/LT05/C02/T1_L2
1993-01-18,286.86312611531486,LANDSAT/LT05/C02/T1_L2
1993-01-18,286.8752665022934,LANDSAT/LT05/C02/T1_L2
1993-02-03,287.32428677145475,LANDSAT/LT05/C02/T1_L2
1993-02-03,287.81129372030324,LANDSAT/LT05/C02/T1_L2
1993-02-19,290.0936965258573,LANDSAT/LT05/C02/T1_L2
1993-02-19,290.1059651637978,LANDSAT/LT05/C02/T1_L2
1993-04-24,291.5741307115454,LANDSAT/LT05/C02/T1_L2
1993-04-24,292.3848613011108,LANDSAT/LT05/C02/T1_L2
1993-05-10,295.64924290418577,LANDSAT/LT05/C02/T1_L2
1993-05-10,295.7151889542718,LANDSAT/LT05/C02/T1_L2
1993-05-26,298.8509665842528,LANDSAT/LT05/C02/T1_L2
1993-05-26,298.8844893998784,LANDSAT/LT05/C02/T1_L2
1993-06-11,295.8506953619977,LANDSAT/LT05/C02/T1_L2
1993-06-11,295.9406070245555,LANDSAT/LT05/C02/T1_L2
1993-07-13,300.3976841239354,LANDSAT/LT05/C02/T1_L2
1993-07-13,300.68935242152065,LANDSAT/LT05/C02/T1_L2
1993-08-14,291.56987192517727,LANDSAT/LT05/C02/T1_L2
1993-08-14,291.46581516243424,LANDSAT/LT05/C02/T1_L2
1993-10-01,296.8012040315057,LANDSAT/LT05/C02/T1_L2
1993-10-01,296.8991487322931,LANDSAT/LT05/C02/T1_L2
1993-10-17,297.8439683043186,LANDSAT/LT05/C02/T1_L2
1993-10-17,298.0014624906161,LANDSAT/LT05/C02/T1_L2
1993-12-20,289.7575049661994,LANDSAT/LT05/C02/T1_L2
1993-12-20,289.68450308745105,LANDSAT/LT05/C02/T1_L2
1994-01-05,285.07200329844443,LANDSAT/LT05/C02/T1_L2
1994-02-06,288.9628722794087,LANDSAT/LT05/C02/T1_L2
1994-02-06,288.99250360614815,LANDSAT/LT05/C02/T1_L2
1994-02-22,289.00953170506995,LANDSAT/LT05/C02/T1_L2
1994-04-11,285.8988607161364,LANDSAT/LT05/C02/T1_L2
1994-04-27,295.1968086479858,LANDSAT/LT05/C02/T1_L2
1994-04-27,295.16068616532925,LANDSAT/LT05/C02/T1_L2
1994-05-29,294.7544879955942,LANDSAT/LT05/C02/T1_L2
1994-05-29,294.8522540133666,LANDSAT/LT05/C02/T1_L2
1994-08-01,302.8639091370438,LANDSAT/LT05/C02/T1_L2
1994-08-01,302.8903482694836,LANDSAT/LT05/C02/T1_L2
1994-09-02,307.3027732294743,LANDSAT/LT05/C02/T1_L2
1994-09-18,300.65843836853014,LANDSAT/LT05/C02/T1_L2
1994-10-04,300.87402935253664,LANDSAT/LT05/C02/T1_L2
1994-10-04,300.8991614936368,LANDSAT/LT05/C02/T1_L2
1994-10-20,296.16986125110213,LANDSAT/LT05/C02/T1_L2
1994-10-20,296.2089745841759,LANDSAT/LT05/C02/T1_L2
1994-11-05,293.7152161724613,LANDSAT/LT05/C02/T1_L2
1994-11-05,293.6890278922056,LANDSAT/LT05/C02/T1_L2
1994-12-23,288.89527328385935,LANDSAT/LT05/C02/T1_L2
1994-12-23,288.86707710014457,LANDSAT/LT05/C02/T1_L2
1995-03-13,286.5013262765258,LANDSAT/LT05/C02/T1_L2
1995-03-13,286.37639045753474,LANDSAT/LT05/C02/T1_L2
1995-03-29,292.494110885163,LANDSAT/LT05/C02/T1_L2
1995-03-29,292.5018737687753,LANDSAT/LT05/C02/T1_L2
1995-04-14,294.06024767948287,LANDSAT/LT05/C02/T1_L2
1995-11-08,294.52680130763554,LANDSAT/LT05/C02/T1_L2
1995-11-08,294.6240682448778,LANDSAT/LT05/C02/T1_L2
1995-11-24,292.2555015111549,LANDSAT/LT05/C02/T1_L2
1996-01-11,288.4493028928612,LANDSAT/LT05/C02/T1_L2
1996-01-11,288.6879790835422,LANDSAT/LT05/C02/T1_L2
1996-01-27,287.52551456000003,LANDSAT/LT05/C02/T1_L2
1996-01-27,287.52551456000003,LANDSAT/LT05/C02/T1_L2
1996-03-31,293.32161863945936,LANDSAT/LT05/C02/T1_L2
1996-07-05,279.0898412,LANDSAT/LT05/C02/T1_L2
1996-08-06,302.8824552667186,LANDSAT/LT05/C02/T1_L2
1996-09-23,283.9742544923449,LANDSAT/LT05/C02/T1_L2
1996-10-09,299.0408265929774,LANDSAT/LT05/C02/T1_L2
1996-10-09,299.043365622367,LANDSAT/LT05/C02/T1_L2
1996-11-10,292.682961928766,LANDSAT/LT05/C02/T1_L2
1996-11-10,292.6845216350613,LANDSAT/LT05/C02/T1_L2
1996-12-12,290.35385641249997,LANDSAT/LT05/C02/T1_L2
1996-12-12,290.22986149029276,LANDSAT/LT05/C02/T1_L2
1997-12-31,288.55172630707,LANDSAT/LT05/C02/T1_L2
1998-01-16,287.8692113921026,LANDSAT/LT05/C02/T1_L2
1998-02-17,291.8550148483144,LANDSAT/LT05/C02/T1_L2
1998-08-28,306.32961094431045,LANDSAT/LT05/C02/T1_L2
1998-08-28,306.7475029526102,LANDSAT/LT05/C02/T1_L2
1998-09-13,301.3424642447078,LANDSAT/LT05/C02/T1_L2
1998-09-13,301.26421873501613,LANDSAT/LT05/C02/T1_L2
1999-12-05,292.1773479111901,LANDSAT/LT05/C02/T1_L2
1999-12-05,292.2347148121721,LANDSAT/LT05/C02/T1_L2
2000-03-26,292.369213798061,LANDSAT/LT05/C02/T1_L2
2001-04-30,295.08519342584094,LANDSAT/LT05/C02/T1_L2
2001-07-03,306.7314328388502,LANDSAT/LT05/C02/T1_L2
2001-07-03,306.9864944011988,LANDSAT/LT05/C02/T1_L2
2001-10-23,295.55067600920637,LANDSAT/LT05/C02/T1_L2
2003-11-14,292.66339599466176,LANDSAT/LT05/C02/T1_L2
2003-11-14,292.77451203400784,LANDSAT/LT05/C02/T1_L2
2003-11-30,292.6019635034712,LANDSAT/LT05/C02/T1_L2
2004-02-02,289.2377411053327,LANDSAT/LT05/C02/T1_L2
2004-02-02,289.47115990360277,LANDSAT/LT05/C02/T1_L2
2004-03-05,293.1129645049108,LANDSAT/LT05/C02/T1_L2
2004-03-21,293.4384643391341,LANDSAT/LT05/C02/T1_L2
2004-03-21,293.69845868,LANDSAT/LT05/C02/T1_L2
2004-04-06,294.90956565429883,LANDSAT/LT05/C02/T1_L2
2004-04-06,294.8065569906887,LANDSAT/LT05/C02/T1_L2
2004-05-08,296.7906015166228,LANDSAT/LT05/C02/T1_L2
2004-05-08,296.7804107497782,LANDSAT/LT05/C02/T1_L2
2004-06-09,298.85969882074323,LANDSAT/LT05/C02/T1_L2
2004-06-09,298.6507806904159,LANDSAT/LT05/C02/T1_L2
2004-06-25,296.0961961095308,LANDSAT/LT05/C02/T1_L2
2004-08-12,265.82309380173814,LANDSAT/LT05/C02/T1_L2
2004-10-15,296.056280324465,LANDSAT/LT05/C02/T1_L2
2004-10-15,296.2363542980125,LANDSAT/LT05/C02/T1_L2
2004-11-16,292.13932892900937,LANDSAT/LT05/C02/T1_L2
2004-12-02,291.79597107159185,LANDSAT/LT05/C02/T1_L2
2004-12-02,291.8067459288994,LANDSAT/LT05/C02/T1_L2
2004-12-18,290.86975155044144,LANDSAT/LT05/C02/T1_L2
2004-12-18,290.76609745594146,LANDSAT/LT05/C02/T1_L2
2005-01-19,289.0393470754128,LANDSAT/LT05/C02/T1_L2
2005-04-25,291.96459375450013,LANDSAT/LT05/C02/T1_L2
2005-05-11,297.68723003349805,LANDSAT/LT05/C02/T1_L2
2005-05-11,297.6878614298483,LANDSAT/LT05/C02/T1_L2
2005-06-28,299.79338291008526,LANDSAT/LT05/C02/T1_L2
2005-10-18,297.1083027349259,LANDSAT/LT05/C02/T1_L2
2005-10-18,297.1348400002231,LANDSAT/LT05/C02/T1_L2
2005-11-03,294.87050200550397,LANDSAT/LT05/C02/T1_L2
2005-11-03,294.86610822647515,LANDSAT/LT05/C02/T1_L2
2006-02-23,292.1696869468854,LANDSAT/LT05/C02/T1_L2
2006-02-23,292.1120751381399,LANDSAT/LT05/C02/T1_L2
2006-04-28,296.489870436408,LANDSAT/LT05/C02/T1_L2
2006-05-14,296.26752575484335,LANDSAT/LT05/C02/T1_L2
2006-05-14,296.24393014588094,LANDSAT/LT05/C02/T1_L2
2006-06-15,299.2267463241938,LANDSAT/LT05/C02/T1_L2
2006-06-15,299.28420875653626,LANDSAT/LT05/C02/T1_L2
2006-07-01,297.1901967295164,LANDSAT/LT05/C02/T1_L2
2006-07-01,298.67918460812933,LANDSAT/LT05/C02/T1_L2
2006-09-19,299.4050018317353,LANDSAT/LT05/C02/T1_L2
2006-09-19,299.53127895624493,LANDSAT/LT05/C02/T1_L2
2006-10-05,298.376508919704,LANDSAT/LT05/C02/T1_L2
2006-11-22,286.4606574249376,LANDSAT/LT05/C02/T1_L2
2006-12-08,288.02616091570434,LANDSAT/LT05/C02/T1_L2
2006-12-08,288.04078269693736,LANDSAT/LT05/C02/T1_L2
2006-12-24,290.03898175188533,LANDSAT/LT05/C02/T1_L2
2007-01-25,288.3281859192451,LANDSAT/LT05/C02/T1_L2
2007-01-25,288.4063137826103,LANDSAT/LT05/C02/T1_L2
2007-02-26,289.52587474135976,LANDSAT/LT05/C02/T1_L2
2007-02-26,289.52230140622925,LANDSAT/LT05/C02/T1_L2
2007-03-14,293.4470947770997,LANDSAT/LT05/C02/T1_L2
2007-03-14,293.3902365583986,LANDSAT/LT05/C02/T1_L2
2007-03-30,294.8350982524267,LANDSAT/LT05/C02/T1_L2
2007-03-30,295.1314495405648,LANDSAT/LT05/C02/T1_L2
2007-04-15,296.5775627991085,LANDSAT/LT05/C02/T1_L2
2007-05-01,300.0510364912855,LANDSAT/LT05/C02/T1_L2
2007-05-01,300.07232192689656,LANDSAT/LT05/C02/T1_L2
2007-06-02,299.92947048233236,LANDSAT/LT05/C02/T1_L2
2007-07-04,306.8860414511882,LANDSAT/LT05/C02/T1_L2
2007-08-21,296.97526510104507,LANDSAT/LT05/C02/T1_L2
2007-08-21,298.5167832207052,LANDSAT/LT05/C02/T1_L2
2007-09-22,300.91611504553885,LANDSAT/LT05/C02/T1_L2
2007-09-22,300.6528563403924,LANDSAT/LT05/C02/T1_L2
2008-02-29,290.3284100407757,LANDSAT/LT05/C02/T1_L2
2008-02-29,290.4421494302073,LANDSAT/LT05/C02/T1_L2
2008-04-01,284.99127333149886,LANDSAT/LT05/C02/T1_L2
2008-04-17,297.22038639704147,LANDSAT/LT05/C02/T1_L2
2008-04-17,297.27133648507936,LANDSAT/LT05/C02/T1_L2
2008-05-03,295.7360907651673,LANDSAT/LT05/C02/T1_L2
2008-05-19,295.0462554523649,LANDSAT/LT05/C02/T1_L2
2008-05-19,295.0376535923808,LANDSAT/LT05/C02/T1_L2
2008-07-06,299.0936889066833,LANDSAT/LT05/C02/T1_L2
2008-08-23,295.9921814396102,LANDSAT/LT05/C02/T1_L2
2008-09-24,296.8164904807401,LANDSAT/LT05/C02/T1_L2
2008-10-10,297.51031981278635,LANDSAT/LT05/C02/T1_L2
2008-10-10,297.63388115426915,LANDSAT/LT05/C02/T1_L2
2008-10-26,297.51449377968487,LANDSAT/LT05/C02/T1_L2
2008-10-26,297.63751575702156,LANDSAT/LT05/C02/T1_L2
2008-11-11,295.7898764665316,LANDSAT/LT05/C02/T1_L2
2008-11-27,292.9495053333005,LANDSAT/LT05/C02/T1_L2
2008-11-27,292.89582585362325,LANDSAT/LT05/C02/T1_L2
2008-12-13,292.03128484154735,LANDSAT/LT05/C02/T1_L2
2008-12-13,291.95855133673734,LANDSAT/LT05/C02/T1_L2
2008-12-29,290.01043829460053,LANDSAT/LT05/C02/T1_L2
2008-12-29,289.76767714653283,LANDSAT/LT05/C02/T1_L2
2009-01-30,289.2405355998957,LANDSAT/LT05/C02/T1_L2
2009-01-30,289.2840958078148,LANDSAT/LT05/C02/T1_L2
2009-02-15,291.6885176126495,LANDSAT/LT05/C02/T1_L2
2009-03-03,290.9644607892028,LANDSAT/LT05/C02/T1_L2
2009-03-03,290.8904848459043,LANDSAT/LT05/C02/T1_L2
2009-03-19,292.5757476925654,LANDSAT/LT05/C02/T1_L2
2009-04-04,293.6399258170678,LANDSAT/LT05/C02/T1_L2
2009-04-20,294.5486801830451,LANDSAT/LT05/C02/T1_L2
2009-05-06,295.9970560956814,LANDSAT/LT05/C02/T1_L2
2009-05-06,295.67305164735296,LANDSAT/LT05/C02/T1_L2
2009-06-07,297.686659567605,LANDSAT/LT05/C02/T1_L2
2009-06-07,297.7313555955611,LANDSAT/LT05/C02/T1_L2
2009-06-23,297.764810590392,LANDSAT/LT05/C02/T1_L2
2009-06-23,297.8906496817479,LANDSAT/LT05/C02/T1_L2
2009-07-09,298.5929286245586,LANDSAT/LT05/C02/T1_L2
2009-07-09,299.7557799681665,LANDSAT/LT05/C02/T1_L2
2009-07-25,305.1364408245272,LANDSAT/LT05/C02/T1_L2
2009-07-25,305.42563382653503,LANDSAT/LT05/C02/T1_L2
2009-09-27,301.21537610165194,LANDSAT/LT05/C02/T1_L2
2009-09-27,301.3399968638276,LANDSAT/LT05/C02/T1_L2
2009-10-13,295.9266472183007,LANDSAT/LT05/C02/T1_L2
2009-10-13,295.98233441709357,LANDSAT/LT05/C02/T1_L2
2009-10-29,295.4209040386366,LANDSAT/LT05/C02/T1_L2
2009-10-29,295.26132717463724,LANDSAT/LT05/C02/T1_L2
2009-11-30,291.58062466908905,LANDSAT/LT05/C02/T1_L2
2009-11-30,291.54205246787336,LANDSAT/LT05/C02/T1_L2
2009-12-16,291.0377573943458,LANDSAT/LT05/C02/T1_L2
2009-12-16,291.15037354692083,LANDSAT/LT05/C02/T1_L2
2010-01-17,284.48399340835647,LANDSAT/LT05/C02/T1_L2
2010-02-02,289.46960744514064,LANDSAT/LT05/C02/T1_L2
2010-02-02,289.47152969382506,LANDSAT/LT05/C02/T1_L2
2010-02-18,290.4505365101086,LANDSAT/LT05/C02/T1_L2
2010-02-18,290.21215962172,LANDSAT/LT05/C02/T1_L2
2010-04-07,297.1588327026936,LANDSAT/LT05/C02/T1_L2
2010-04-23,297.38226810842036,LANDSAT/LT05/C02/T1_L2
2010-04-23,297.6174323116029,LANDSAT/LT05/C02/T1_L2
2010-05-09,296.98581197392605,LANDSAT/LT05/C02/T1_L2
2010-05-09,297.33523196,LANDSAT/LT05/C02/T1_L2
2010-05-25,296.2170381589121,LANDSAT/LT05/C02/T1_L2
2010-05-25,296.05809707923794,LANDSAT/LT05/C02/T1_L2
2010-06-10,299.56894361779365,LANDSAT/LT05/C02/T1_L2
2010-06-10,299.5688624695398,LANDSAT/LT05/C02/T1_L2
2010-07-28,306.5017413339361,LANDSAT/LT05/C02/T1_L2
2010-07-28,306.6251643238399,LANDSAT/LT05/C02/T1_L2
2010-09-14,290.3551971641595,LANDSAT/LT05/C02/T1_L2
2010-09-30,296.2444329528766,LANDSAT/LT05/C02/T1_L2
2010-09-30,296.16756732778293,LANDSAT/LT05/C02/T1_L2
2010-11-01,296.29844120112637,LANDSAT/LT05/C02/T1_L2
2010-11-01,296.22075450264407,LANDSAT/LT05/C02/T1_L2
2010-11-17,293.6718358307764,LANDSAT/LT05/C02/T1_L2
2010-12-03,293.2408389146035,LANDSAT/LT05/C02/T1_L2
2010-12-03,293.08667759915176,LANDSAT/LT05/C02/T1_L2
2010-12-19,290.578079373452,LANDSAT/LT05/C02/T1_L2
2010-12-19,290.59215060441016,LANDSAT/LT05/C02/T1_L2
2011-01-04,288.6648647929116,LANDSAT/LT05/C02/T1_L2
2011-01-20,275.04632354,LANDSAT/LT05/C02/T1_L2
2011-02-05,288.6862303551363,LANDSAT/LT05/C02/T1_L2
2011-02-05,288.46940031299164,LANDSAT/LT05/C02/T1_L2
2011-02-21,290.25709285980815,LANDSAT/LT05/C02/T1_L2
2011-02-21,290.22842835852094,LANDSAT/LT05/C02/T1_L2
2011-03-09,290.8984742731843,LANDSAT/LT05/C02/T1_L2
2011-03-09,290.8805598460552,LANDSAT/LT05/C02/T1_L2
2011-03-25,294.975055153993,LANDSAT/LT05/C02/T1_L2
2011-03-25,295.10482812238826,LANDSAT/LT05/C02/T1_L2
2011-04-26,294.69114831700733,LANDSAT/LT05/C02/T1_L2
2011-04-26,294.7867381905915,LANDSAT/LT05/C02/T1_L2
2011-05-12,296.73187157538723,LANDSAT/LT05/C02/T1_L2
2011-05-12,296.760895133604,LANDSAT/LT05/C02/T1_L2
2011-05-28,299.33384003943087,LANDSAT/LT05/C02/T1_L2
2011-05-28,299.3412171674514,LANDSAT/LT05/C02/T1_L2
2011-06-13,297.7013074126135,LANDSAT/LT05/C02/T1_L2
2011-06-13,297.80603037561445,LANDSAT/LT05/C02/T1_L2
2011-09-01,299.8684344975317,LANDSAT/LT05/C02/T1_L2
2011-09-01,299.75414655046217,LANDSAT/LT05/C02/T1_L2
2011-10-03,300.4025928819845,LANDSAT/LT05/C02/T1_L2
2011-10-03,300.4166930516711,LANDSAT/LT05/C02/T1_L2
2011-10-19,298.27675574851014,LANDSAT/LT05/C02/T1_L2
2011-11-04,289.24583033595377,LANDSAT/LT05/C02/T1_L2
2011-11-04,290.4791824122586,LANDSAT/LT05/C02/T1_L2
1999-07-06,306.60292998487967,LANDSAT/LE07/C02/T1_L2
1999-09-24,304.2661251417234,LANDSAT/LE07/C02/T1_L2
1999-09-24,304.23123255765614,LANDSAT/LE07/C02/T1_L2
1999-10-10,298.1514671577773,LANDSAT/LE07/C02/T1_L2
1999-10-10,298.16067355595345,LANDSAT/LE07/C02/T1_L2
1999-12-13,291.77813768318504,LANDSAT/LE07/C02/T1_L2
1999-12-13,291.79018602832906,LANDSAT/LE07/C02/T1_L2
2000-02-15,289.99825036583525,LANDSAT/LE07/C02/T1_L2
2000-02-15,289.9741023520805,LANDSAT/LE07/C02/T1_L2
2000-04-03,296.824949081584,LANDSAT/LE07/C02/T1_L2
2000-04-03,296.81490952267353,LANDSAT/LE07/C02/T1_L2
2000-07-08,279.31501302155567,LANDSAT/LE07/C02/T1_L2
2000-08-09,296.10132674,LANDSAT/LE07/C02/T1_L2
2000-09-26,298.6940861896544,LANDSAT/LE07/C02/T1_L2
2000-09-26,298.49194062822534,LANDSAT/LE07/C02/T1_L2
2000-12-15,290.0277744392848,LANDSAT/LE07/C02/T1_L2
2000-12-15,289.86735207170824,LANDSAT/LE07/C02/T1_L2
2001-04-06,295.23910203120016,LANDSAT/LE07/C02/T1_L2
2001-04-06,295.339245097662,LANDSAT/LE07/C02/T1_L2
2001-04-22,294.9351084427931,LANDSAT/LE07/C02/T1_L2
2001-04-22,294.9010892595847,LANDSAT/LE07/C02/T1_L2
2001-09-29,298.7760058044252,LANDSAT/LE07/C02/T1_L2
2001-09-29,298.9508347539763,LANDSAT/LE07/C02/T1_L2
2001-10-31,296.7922580355735,LANDSAT/LE07/C02/T1_L2
2001-10-31,296.7984665176578,LANDSAT/LE07/C02/T1_L2
2002-01-03,289.8002094092777,LANDSAT/LE07/C02/T1_L2
2002-01-03,289.6555793970934,LANDSAT/LE07/C02/T1_L2
2002-02-04,289.1354169141272,LANDSAT/LE07/C02/T1_L2
2002-02-20,290.1190147208835,LANDSAT/LE07/C02/T1_L2
2002-04-25,295.10756211663795,LANDSAT/LE07/C02/T1_L2
2002-04-25,295.05933188086783,LANDSAT/LE07/C02/T1_L2
2002-09-16,299.1024980203135,LANDSAT/LE07/C02/T1_L2
2002-11-03,295.09847900496635,LANDSAT/LE07/C02/T1_L2
2002-11-03,295.10144134448467,LANDSAT/LE07/C02/T1_L2
2002-12-05,292.6542510307213,LANDSAT/LE07/C02/T1_L2
2002-12-21,289.02898234318315,LANDSAT/LE07/C02/T1_L2
2003-01-06,289.61887470482327,LANDSAT/LE07/C02/T1_L2
2003-01-22,288.9309659840507,LANDSAT/LE07/C02/T1_L2
2003-01-22,288.9269344476415,LANDSAT/LE07/C02/T1_L2
2003-02-07,289.1640662562227,LANDSAT/LE07/C02/T1_L2
2003-02-23,289.7898200474419,LANDSAT/LE07/C02/T1_L2
2003-02-23,289.79432744804416,LANDSAT/LE07/C02/T1_L2
2003-03-11,292.8838007370145,LANDSAT/LE07/C02/T1_L2
2003-04-12,295.81849670855513,LANDSAT/LE07/C02/T1_L2
2003-04-12,295.7607955053765,LANDSAT/LE07/C02/T1_L2
2003-05-30,297.53008896494345,LANDSAT/LE07/C02/T1_L2
2003-05-30,297.6363975,LANDSAT/LE07/C02/T1_L2
2003-10-05,299.4335662096383,LANDSAT/LE07/C02/T1_L2
2003-10-05,299.6514751820867,LANDSAT/LE07/C02/T1_L2
2003-10-21,297.7593901032157,LANDSAT/LE07/C02/T1_L2
2003-10-21,297.7373190906503,LANDSAT/LE07/C02/T1_L2
2003-11-22,293.7254559821833,LANDSAT/LE07/C02/T1_L2
2003-11-22,293.85991418550105,LANDSAT/LE07/C02/T1_L2
2003-12-24,290.28059043029515,LANDSAT/LE07/C02/T1_L2
2003-12-24,290.40394656756456,LANDSAT/LE07/C02/T1_L2
2004-01-09,289.0710563682664,LANDSAT/LE07/C02/T1_L2
2004-01-09,289.07516771635244,LANDSAT/LE07/C02/T1_L2
2004-02-10,289.39690408621044,LANDSAT/LE07/C02/T1_L2
2004-02-26,291.31040454137843,LANDSAT/LE07/C02/T1_L2
2004-02-26,291.3067608925116,LANDSAT/LE07/C02/T1_L2
2004-03-29,295.9262606416263,LANDSAT/LE07/C02/T1_L2
2004-03-29,295.9273258093348,LANDSAT/LE07/C02/T1_L2
2004-04-14,296.63769217406826,LANDSAT/LE07/C02/T1_L2
2004-04-14,296.5019081244302,LANDSAT/LE07/C02/T1_L2
2004-05-16,298.7383957597272,LANDSAT/LE07/C02/T1_L2
2004-05-16,298.51622511147747,LANDSAT/LE07/C02/T1_L2
2004-09-05,298.4969267037165,LANDSAT/LE07/C02/T1_L2
2004-09-05,298.51173274399196,LANDSAT/LE07/C02/T1_L2
2004-10-23,295.4178388646013,LANDSAT/LE07/C02/T1_L2
2004-10-23,295.6111729837691,LANDSAT/LE07/C02/T1_L2
2004-11-08,294.0675707302933,LANDSAT/LE07/C02/T1_L2
2004-11-08,294.06729198140033,LANDSAT/LE07/C02/T1_L2
2004-11-24,292.01180296892034,LANDSAT/LE07/C02/T1_L2
2004-11-24,292.19959649122075,LANDSAT/LE07/C02/T1_L2
2004-12-10,290.5141685467792,LANDSAT/LE07/C02/T1_L2
2004-12-10,290.5193391592851,LANDSAT/LE07/C02/T1_L2
2004-12-26,289.74158149396493,LANDSAT/LE07/C02/T1_L2
2004-12-26,289.8768253876523,LANDSAT/LE07/C02/T1_L2
2005-01-11,288.45381439425637,LANDSAT/LE07/C02/T1_L2
2005-01-11,288.44218176644034,LANDSAT/LE07/C02/T1_L2
2005-01-27,288.8757921692258,LANDSAT/LE07/C02/T1_L2
2005-01-27,288.87649477319803,LANDSAT/LE07/C02/T1_L2
2005-02-12,290.499944799125,LANDSAT/LE07/C02/T1_L2
2005-02-12,290.53522573538675,LANDSAT/LE07/C02/T1_L2
2005-02-28,291.4675913169413,LANDSAT/LE07/C02/T1_L2
2005-02-28,291.5930744216706,LANDSAT/LE07/C02/T1_L2
2005-03-16,293.7663521560163,LANDSAT/LE07/C02/T1_L2
2005-03-16,293.77284223345674,LANDSAT/LE07/C02/T1_L2
2005-04-17,295.92467916402967,LANDSAT/LE07/C02/T1_L2
2005-05-03,293.79044467558515,LANDSAT/LE07/C02/T1_L2
2005-05-03,293.95575527710037,LANDSAT/LE07/C02/T1_L2
2005-05-19,297.74013199026393,LANDSAT/LE07/C02/T1_L2
2005-05-19,297.6026570958026,LANDSAT/LE07/C02/T1_L2
2005-06-04,298.18501315144255,LANDSAT/LE07/C02/T1_L2
2005-06-20,295.8761710680694,LANDSAT/LE07/C02/T1_L2
2005-06-20,296.1450729023007,LANDSAT/LE07/C02/T1_L2
2005-09-08,301.1376475086332,LANDSAT/LE07/C02/T1_L2
2005-09-08,300.88170433249314,LANDSAT/LE07/C02/T1_L2
2005-09-24,296.0020482992585,LANDSAT/LE07/C02/T1_L2
2005-10-10,298.75876069475913,LANDSAT/LE07/C02/T1_L2
2005-10-10,298.77616489569164,LANDSAT/LE07/C02/T1_L2
2005-10-26,296.1910834009608,LANDSAT/LE07/C02/T1_L2
2005-10-26,296.18793095820405,LANDSAT/LE07/C02/T1_L2
2005-11-11,293.63163467574486,LANDSAT/LE07/C02/T1_L2
2005-11-27,286.3952992452282,LANDSAT/LE07/C02/T1_L2
2005-12-13,290.7268014050215,LANDSAT/LE07/C02/T1_L2
2005-12-29,288.75154756291295,LANDSAT/LE07/C02/T1_L2
2005-12-29,288.7615539956911,LANDSAT/LE07/C02/T1_L2
2006-01-14,281.2268100169367,LANDSAT/LE07/C02/T1_L2
2006-01-30,287.53794830605113,LANDSAT/LE07/C02/T1_L2
2006-01-30,287.5397526964963,LANDSAT/LE07/C02/T1_L2
2006-03-03,292.7357555682638,LANDSAT/LE07/C02/T1_L2
2006-03-03,292.8594941178988,LANDSAT/LE07/C02/T1_L2
2006-03-19,292.5289638043761,LANDSAT/LE07/C02/T1_L2
2006-03-19,292.38755036961254,LANDSAT/LE07/C02/T1_L2
2006-05-06,295.840707585109,LANDSAT/LE07/C02/T1_L2
2006-05-06,295.8362906853353,LANDSAT/LE07/C02/T1_L2
2006-05-22,296.3685038815962,LANDSAT/LE07/C02/T1_L2
2006-05-22,298.5028280171269,LANDSAT/LE07/C02/T1_L2
2006-09-27,298.0880226486925,LANDSAT/LE07/C02/T1_L2
2006-09-27,298.0915478008713,LANDSAT/LE07/C02/T1_L2
2006-10-13,296.8369997377301,LANDSAT/LE07/C02/T1_L2
2006-10-13,296.8334147260119,LANDSAT/LE07/C02/T1_L2
2006-10-29,296.01319385267254,LANDSAT/LE07/C02/T1_L2
2006-10-29,295.98367037713797,LANDSAT/LE07/C02/T1_L2
2006-11-14,294.4195274173473,LANDSAT/LE07/C02/T1_L2
2006-11-14,294.4241914745929,LANDSAT/LE07/C02/T1_L2
2006-11-30,292.34494337970887,LANDSAT/LE07/C02/T1_L2
2006-12-16,290.98302213664607,LANDSAT/LE07/C02/T1_L2
2007-01-01,289.8421817748539,LANDSAT/LE07/C02/T1_L2
2007-01-17,287.65796747770975,LANDSAT/LE07/C02/T1_L2
2007-01-17,287.6631150932218,LANDSAT/LE07/C02/T1_L2
2007-02-02,289.4692592229367,LANDSAT/LE07/C02/T1_L2
2007-02-02,289.4895565502384,LANDSAT/LE07/C02/T1_L2
2007-02-18,288.62631498789676,LANDSAT/LE07/C02/T1_L2
2007-02-18,288.5109243891337,LANDSAT/LE07/C02/T1_L2
2007-03-06,290.5722410802694,LANDSAT/LE07/C02/T1_L2
2007-03-06,290.44438530409593,LANDSAT/LE07/C02/T1_L2
2007-03-22,294.9545981227527,LANDSAT/LE07/C02/T1_L2
2007-03-22,295.11699861170365,LANDSAT/LE07/C02/T1_L2
2007-04-23,297.6280919885733,LANDSAT/LE07/C02/T1_L2
2007-04-23,297.62220600211805,LANDSAT/LE07/C02/T1_L2
2007-05-25,300.0103408825281,LANDSAT/LE07/C02/T1_L2
2007-05-25,300.0072651592566,LANDSAT/LE07/C02/T1_L2
2007-06-26,287.5488474185034,LANDSAT/LE07/C02/T1_L2
2007-08-29,301.3695876465001,LANDSAT/LE07/C02/T1_L2
2007-11-01,295.458179884009,LANDSAT/LE07/C02/T1_L2
2007-11-01,295.47284210288774,LANDSAT/LE07/C02/T1_L2
2007-11-17,293.9179513068406,LANDSAT/LE07/C02/T1_L2
2007-11-17,293.91652135136366,LANDSAT/LE07/C02/T1_L2
2007-12-19,290.18077163328263,LANDSAT/LE07/C02/T1_L2
2007-12-19,290.1825541922335,LANDSAT/LE07/C02/T1_L2
2008-01-04,289.3253496127716,LANDSAT/LE07/C02/T1_L2
2008-01-04,289.4677339995965,LANDSAT/LE07/C02/T1_L2
2008-01-20,289.29689286994085,LANDSAT/LE07/C02/T1_L2
2008-01-20,289.3305916326781,LANDSAT/LE07/C02/T1_L2
2008-02-05,288.4600630651082,LANDSAT/LE07/C02/T1_L2
2008-02-05,288.4510453606211,LANDSAT/LE07/C02/T1_L2
2008-02-21,288.9162684146709,LANDSAT/LE07/C02/T1_L2
2008-02-21,288.92237423221536,LANDSAT/LE07/C02/T1_L2
2008-03-08,291.0153450431246,LANDSAT/LE07/C02/T1_L2
2008-03-08,291.0453972112588,LANDSAT/LE07/C02/T1_L2
2008-03-24,292.69436753246146,LANDSAT/LE07/C02/T1_L2
2008-03-24,292.8158958658071,LANDSAT/LE07/C02/T1_L2
2008-04-09,294.36801994118855,LANDSAT/LE07/C02/T1_L2
2008-04-09,294.3717052940315,LANDSAT/LE07/C02/T1_L2
2008-04-25,296.1658457048426,LANDSAT/LE07/C02/T1_L2
2008-05-11,297.4334929288101,LANDSAT/LE07/C02/T1_L2
2008-05-11,297.57652423587854,LANDSAT/LE07/C02/T1_L2
2008-05-27,297.1237859645462,LANDSAT/LE07/C02/T1_L2
2008-05-27,297.12838974588055,LANDSAT/LE07/C02/T1_L2
2008-06-12,271.5991264759661,LANDSAT/LE07/C02/T1_L2
2008-08-31,295.9327693042422,LANDSAT/LE07/C02/T1_L2
2008-08-31,295.9592630350525,LANDSAT/LE07/C02/T1_L2
2008-10-02,299.1105091610038,LANDSAT/LE07/C02/T1_L2
2008-10-02,299.1115763778602,LANDSAT/LE07/C02/T1_L2
2008-10-18,297.25865059011267,LANDSAT/LE07/C02/T1_L2
2008-10-18,297.25625968740235,LANDSAT/LE07/C02/T1_L2
2008-11-03,297.09233476847265,LANDSAT/LE07/C02/T1_L2
2008-11-03,297.1000115681198,LANDSAT/LE07/C02/T1_L2
2009-01-06,289.5525947695289,LANDSAT/LE07/C02/T1_L2
2009-01-06,289.6995912562908,LANDSAT/LE07/C02/T1_L2
2009-01-22,289.7130561536996,LANDSAT/LE07/C02/T1_L2
2009-02-07,290.8893888875324,LANDSAT/LE07/C02/T1_L2
2009-02-07,290.89115845229617,LANDSAT/LE07/C02/T1_L2
2009-03-11,292.96921498296905,LANDSAT/LE07/C02/T1_L2
2009-03-11,293.08673354527366,LANDSAT/LE07/C02/T1_L2
2009-03-27,293.91268325215367,LANDSAT/LE07/C02/T1_L2
2009-03-27,293.9136746944032,LANDSAT/LE07/C02/T1_L2
2009-04-12,294.97974364686365,LANDSAT/LE07/C02/T1_L2
2009-04-12,294.96570839532205,LANDSAT/LE07/C02/T1_L2
2009-04-28,296.7286412345728,LANDSAT/LE07/C02/T1_L2
2009-04-28,296.7185368689395,LANDSAT/LE07/C02/T1_L2
2009-05-14,297.42271448892143,LANDSAT/LE07/C02/T1_L2
2009-05-14,297.4306978013833,LANDSAT/LE07/C02/T1_L2
2009-09-19,297.8881387825881,LANDSAT/LE07/C02/T1_L2
2009-09-19,297.870952013418,LANDSAT/LE07/C02/T1_L2
2009-10-21,296.00899926835183,LANDSAT/LE07/C02/T1_L2
2009-10-21,296.16971223236703,LANDSAT/LE07/C02/T1_L2
2009-11-06,295.2834770161113,LANDSAT/LE07/C02/T1_L2
2009-11-06,295.4401776031161,LANDSAT/LE07/C02/T1_L2
2009-11-22,293.0969950224722,LANDSAT/LE07/C02/T1_L2
2009-11-22,293.2327219947821,LANDSAT/LE07/C02/T1_L2
2009-12-08,290.64960378983716,LANDSAT/LE07/C02/T1_L2
2009-12-08,290.50304084890564,LANDSAT/LE07/C02/T1_L2
2009-12-24,290.14488208218637,LANDSAT/LE07/C02/T1_L2
2009-12-24,290.27082656005877,LANDSAT/LE07/C02/T1_L2
2010-01-25,289.1532751740956,LANDSAT/LE07/C02/T1_L2
2010-02-10,288.84270363143617,LANDSAT/LE07/C02/T1_L2
2010-02-10,288.6921964963056,LANDSAT/LE07/C02/T1_L2
2010-02-26,291.4319649027578,LANDSAT/LE07/C02/T1_L2
2010-03-14,293.58927866350894,LANDSAT/LE07/C02/T1_L2
2010-03-14,293.55638880908987,LANDSAT/LE07/C02/T1_L2
2010-04-15,296.9237314741092,LANDSAT/LE07/C02/T1_L2
2010-04-15,296.92974397753244,LANDSAT/LE07/C02/T1_L2
2010-05-17,297.6329842300928,LANDSAT/LE07/C02/T1_L2
2010-05-17,297.6079574799574,LANDSAT/LE07/C02/T1_L2
2010-06-18,297.7763987947168,LANDSAT/LE07/C02/T1_L2
2010-06-18,298.01502298082374,LANDSAT/LE07/C02/T1_L2
2010-10-08,299.69259880837785,LANDSAT/LE07/C02/T1_L2
2010-10-24,297.79195608030034,LANDSAT/LE07/C02/T1_L2
2010-10-24,297.9835297874339,LANDSAT/LE07/C02/T1_L2
2010-12-11,291.7159850981895,LANDSAT/LE07/C02/T1_L2
2010-12-11,291.7059457991179,LANDSAT/LE07/C02/T1_L2
2010-12-27,289.40241299071283,LANDSAT/LE07/C02/T1_L2
2010-12-27,289.24996622039504,LANDSAT/LE07/C02/T1_L2
2011-01-12,288.0194363007461,LANDSAT/LE07/C02/T1_L2
2011-01-12,288.0407788765746,LANDSAT/LE07/C02/T1_L2
2011-01-28,287.6093344644252,LANDSAT/LE07/C02/T1_L2
2011-01-28,287.5987851040164,LANDSAT/LE07/C02/T1_L2
2011-02-13,289.4696293511525,LANDSAT/LE07/C02/T1_L2
2011-02-13,289.4702383087406,LANDSAT/LE07/C02/T1_L2
2011-03-01,291.65791885604364,LANDSAT/LE07/C02/T1_L2
2011-03-01,291.6550140565452,LANDSAT/LE07/C02/T1_L2
2011-03-17,291.96269029736123,LANDSAT/LE07/C02/T1_L2
2011-03-17,291.98438733555156,LANDSAT/LE07/C02/T1_L2
2011-04-02,294.801916860437,LANDSAT/LE07/C02/T1_L2
2011-04-02,294.9470515006696,LANDSAT/LE07/C02/T1_L2
2011-05-20,297.2028236123066,LANDSAT/LE07/C02/T1_L2
2011-05-20,297.037823283813,LANDSAT/LE07/C02/T1_L2
2011-08-24,301.1912319627281,LANDSAT/LE07/C02/T1_L2
2011-08-24,301.2352268934894,LANDSAT/LE07/C02/T1_L2
2011-10-11,297.9750753288063,LANDSAT/LE07/C02/T1_L2
2011-10-11,298.3959166901596,LANDSAT/LE07/C02/T1_L2
2011-10-27,295.09190780788805,LANDSAT/LE07/C02/T1_L2
2011-10-27,295.27021032721825,LANDSAT/LE07/C02/T1_L2
2011-11-28,292.039509449804,LANDSAT/LE07/C02/T1_L2
2011-11-28,292.19621652671316,LANDSAT/LE07/C02/T1_L2
2011-12-14,290.41593941369473,LANDSAT/LE07/C02/T1_L2
2011-12-14,290.26253046272217,LANDSAT/LE07/C02/T1_L2
2011-12-30,289.55246795721854,LANDSAT/LE07/C02/T1_L2
2011-12-30,289.54714861043703,LANDSAT/LE07/C02/T1_L2
2012-01-15,288.01076856950135,LANDSAT/LE07/C02/T1_L2
2012-01-15,287.98395747800026,LANDSAT/LE07/C02/T1_L2
2012-01-31,288.50456129975805,LANDSAT/LE07/C02/T1_L2
2012-01-31,288.48369060522447,LANDSAT/LE07/C02/T1_L2
2012-03-03,290.7937013065861,LANDSAT/LE07/C02/T1_L2
2012-03-03,290.7937627729264,LANDSAT/LE07/C02/T1_L2
2012-03-19,292.94813109112124,LANDSAT/LE07/C02/T1_L2
2012-03-19,292.7614831069911,LANDSAT/LE07/C02/T1_L2
2012-04-04,294.1406709393242,LANDSAT/LE07/C02/T1_L2
2012-04-04,294.3737508904585,LANDSAT/LE07/C02/T1_L2
2012-04-20,295.77040043045315,LANDSAT/LE07/C02/T1_L2
2012-05-06,296.6677676549419,LANDSAT/LE07/C02/T1_L2
2012-05-22,297.73948399494446,LANDSAT/LE07/C02/T1_L2
2012-06-07,296.8390286588779,LANDSAT/LE07/C02/T1_L2
2012-07-09,304.0397447039276,LANDSAT/LE07/C02/T1_L2
2012-08-10,300.27327654129414,LANDSAT/LE07/C02/T1_L2
2012-08-10,300.30097350110907,LANDSAT/LE07/C02/T1_L2
2012-08-26,306.3303499121535,LANDSAT/LE07/C02/T1_L2
2012-08-26,306.3716160429558,LANDSAT/LE07/C02/T1_L2
2012-09-11,298.72855692855626,LANDSAT/LE07/C02/T1_L2
2012-09-11,299.0534967221908,LANDSAT/LE07/C02/T1_L2
2012-09-27,297.65545047464985,LANDSAT/LE07/C02/T1_L2
2012-09-27,297.89479127773194,LANDSAT/LE07/C02/T1_L2
2012-10-13,297.2725254333682,LANDSAT/LE07/C02/T1_L2
2012-10-13,297.27740550222643,LANDSAT/LE07/C02/T1_L2
2012-10-29,295.44194025269314,LANDSAT/LE07/C02/T1_L2
2012-10-29,295.66806829490343,LANDSAT/LE07/C02/T1_L2
2012-11-14,292.8027121643373,LANDSAT/LE07/C02/T1_L2
2012-11-14,292.83863250634244,LANDSAT/LE07/C02/T1_L2
2012-11-30,291.52096292646615,LANDSAT/LE07/C02/T1_L2
2012-11-30,291.52455649315823,LANDSAT/LE07/C02/T1_L2
2012-12-16,290.7024867967658,LANDSAT/LE07/C02/T1_L2
2012-12-16,290.6642809311377,LANDSAT/LE07/C02/T1_L2
2013-01-01,282.10811742038436,LANDSAT/LE07/C02/T1_L2
2013-01-01,285.18189218,LANDSAT/LE07/C02/T1_L2
2013-02-18,288.4781751677167,LANDSAT/LE07/C02/T1_L2
2013-02-18,288.44981727500993,LANDSAT/LE07/C02/T1_L2
2013-03-06,293.6498787262587,LANDSAT/LE07/C02/T1_L2
2013-03-06,293.64539446531546,LANDSAT/LE07/C02/T1_L2
2013-04-07,295.03965590633135,LANDSAT/LE07/C02/T1_L2
2013-04-23,294.2180006939645,LANDSAT/LE07/C02/T1_L2
2013-04-23,295.2284062853062,LANDSAT/LE07/C02/T1_L2
2013-05-09,295.20012024570104,LANDSAT/LE07/C02/T1_L2
2013-05-25,293.3498273861417,LANDSAT/LE07/C02/T1_L2
2013-05-25,293.29593468029566,LANDSAT/LE07/C02/T1_L2
2013-06-10,293.9871458591806,LANDSAT/LE07/C02/T1_L2
2013-06-10,293.5879427,LANDSAT/LE07/C02/T1_L2
2013-06-26,275.3925894473934,LANDSAT/LE07/C02/T1_L2
2013-07-12,300.3704143911664,LANDSAT/LE07/C02/T1_L2
2013-07-12,300.30452712585617,LANDSAT/LE07/C02/T1_L2
2013-07-28,297.6357412039783,LANDSAT/LE07/C02/T1_L2
2013-09-14,301.2260239392658,LANDSAT/LE07/C02/T1_L2
2013-09-14,301.0410773231918,LANDSAT/LE07/C02/T1_L2
2013-11-01,294.1151444476897,LANDSAT/LE07/C02/T1_L2
2013-11-01,294.1104078687554,LANDSAT/LE07/C02/T1_L2
2013-11-17,293.71247253926066,LANDSAT/LE07/C02/T1_L2
2013-11-17,293.72840395564606,LANDSAT/LE07/C02/T1_L2
2013-12-03,292.5957744109074,LANDSAT/LE07/C02/T1_L2
2013-12-03,292.7567791600645,LANDSAT/LE07/C02/T1_L2
2013-12-19,272.8950668539457,LANDSAT/LE07/C02/T1_L2
2014-01-04,288.6133000124454,LANDSAT/LE07/C02/T1_L2
2014-01-04,288.5877726800883,LANDSAT/LE07/C02/T1_L2
2014-01-20,288.7762440516869,LANDSAT/LE07/C02/T1_L2
2014-01-20,288.9576135423428,LANDSAT/LE07/C02/T1_L2
2014-02-21,287.1121049159313,LANDSAT/LE07/C02/T1_L2
2014-02-21,286.4389264872011,LANDSAT/LE07/C02/T1_L2
2014-03-09,288.07991091557506,LANDSAT/LE07/C02/T1_L2
2014-03-09,288.1038247739996,LANDSAT/LE07/C02/T1_L2
2014-03-25,294.479055677317,LANDSAT/LE07/C02/T1_L2
2014-03-25,294.45385701962755,LANDSAT/LE07/C02/T1_L2
2014-04-10,296.8696287798727,LANDSAT/LE07/C02/T1_L2
2014-04-10,296.89439751541954,LANDSAT/LE07/C02/T1_L2
2014-04-26,298.6549838831915,LANDSAT/LE07/C02/T1_L2
2014-04-26,298.80053974178605,LANDSAT/LE07/C02/T1_L2
2014-05-12,299.4540678108956,LANDSAT/LE07/C02/T1_L2
2014-05-28,298.710035206269,LANDSAT/LE07/C02/T1_L2
2014-05-28,298.77286165016574,LANDSAT/LE07/C02/T1_L2
2014-06-13,299.16402774546646,LANDSAT/LE07/C02/T1_L2
2014-06-13,299.3989673308571,LANDSAT/LE07/C02/T1_L2
2014-07-31,277.53427030921495,LANDSAT/LE07/C02/T1_L2
2014-09-17,300.0392146733711,LANDSAT/LE07/C02/T1_L2
2014-09-17,300.0501899290045,LANDSAT/LE07/C02/T1_L2
2014-10-03,297.9044174505673,LANDSAT/LE07/C02/T1_L2
2014-10-03,298.1253563912625,LANDSAT/LE07/C02/T1_L2
2014-10-19,295.643489657873,LANDSAT/LE07/C02/T1_L2
2014-10-19,295.6288329306538,LANDSAT/LE07/C02/T1_L2
2014-11-04,293.7110057460771,LANDSAT/LE07/C02/T1_L2
2014-11-04,293.8696593480502,LANDSAT/LE07/C02/T1_L2
2014-11-20,292.5277325197665,LANDSAT/LE07/C02/T1_L2
2014-11-20,292.4889618889284,LANDSAT/LE07/C02/T1_L2
2014-12-06,292.48881819568754,LANDSAT/LE07/C02/T1_L2
2014-12-06,292.37452295875045,LANDSAT/LE07/C02/T1_L2
2014-12-22,289.9939390505178,LANDSAT/LE07/C02/T1_L2
2014-12-22,289.8222890621976,LANDSAT/LE07/C02/T1_L2
2015-01-07,288.55305484224203,LANDSAT/LE07/C02/T1_L2
2015-01-07,288.68438170239756,LANDSAT/LE07/C02/T1_L2
2015-01-23,284.2329460435322,LANDSAT/LE07/C02/T1_L2
2015-01-23,284.41831408266717,LANDSAT/LE07/C02/T1_L2
2015-02-24,290.0569239881545,LANDSAT/LE07/C02/T1_L2
2015-02-24,290.0794790548274,LANDSAT/LE07/C02/T1_L2
2015-03-12,293.5349400059016,LANDSAT/LE07/C02/T1_L2
2015-03-12,293.53208196255054,LANDSAT/LE07/C02/T1_L2
2015-03-28,294.0038029369904,LANDSAT/LE07/C02/T1_L2
2015-03-28,294.0216518474622,LANDSAT/LE07/C02/T1_L2
2015-04-29,294.93697826111037,LANDSAT/LE07/C02/T1_L2
2015-04-29,294.9411435756273,LANDSAT/LE07/C02/T1_L2
2015-05-15,293.54472047157464,LANDSAT/LE07/C02/T1_L2
2015-05-15,293.3405090160629,LANDSAT/LE07/C02/T1_L2
2015-05-31,298.55243024570376,LANDSAT/LE07/C02/T1_L2
2015-05-31,298.87334096,LANDSAT/LE07/C02/T1_L2
2015-07-02,301.0816641567717,LANDSAT/LE07/C02/T1_L2
2015-07-02,301.3937390871436,LANDSAT/LE07/C02/T1_L2
2015-07-18,292.8973140712223,LANDSAT/LE07/C02/T1_L2
2015-08-03,299.89605729593467,LANDSAT/LE07/C02/T1_L2
2015-08-03,300.2814680331048,LANDSAT/LE07/C02/T1_L2
2015-08-19,296.26260569496344,LANDSAT/LE07/C02/T1_L2
2015-09-04,299.5691949684313,LANDSAT/LE07/C02/T1_L2
2015-09-04,299.37470683462163,LANDSAT/LE07/C02/T1_L2
2015-10-06,299.7021440686739,LANDSAT/LE07/C02/T1_L2
2015-10-06,299.69121807924773,LANDSAT/LE07/C02/T1_L2
2015-10-22,295.5927241057316,LANDSAT/LE07/C02/T1_L2
2015-10-22,295.57676119108214,LANDSAT/LE07/C02/T1_L2
2015-11-07,293.8627376973587,LANDSAT/LE07/C02/T1_L2
2015-11-07,294.0268143554904,LANDSAT/LE07/C02/T1_L2
2015-11-23,293.859708907011,LANDSAT/LE07/C02/T1_L2
2015-11-23,293.83172006896666,LANDSAT/LE07/C02/T1_L2
2015-12-09,292.0081694513734,LANDSAT/LE07/C02/T1_L2
2015-12-09,291.906401285793,LANDSAT/LE07/C02/T1_L2
2015-12-25,288.4054630513485,LANDSAT/LE07/C02/T1_L2
2015-12-25,288.243262144855,LANDSAT/LE07/C02/T1_L2
2016-01-10,287.2357186442711,LANDSAT/LE07/C02/T1_L2
2016-01-10,287.3888854115742,LANDSAT/LE07/C02/T1_L2
2016-02-11,289.6694267302018,LANDSAT/LE07/C02/T1_L2
2016-02-11,289.6935218601039,LANDSAT/LE07/C02/T1_L2
2016-02-27,284.3116490834249,LANDSAT/LE07/C02/T1_L2
2016-03-14,280.8029908561769,LANDSAT/LE07/C02/T1_L2
2016-03-30,293.0799237207111,LANDSAT/LE07/C02/T1_L2
2016-03-30,292.94606194838076,LANDSAT/LE07/C02/T1_L2
2016-04-15,294.99685390949077,LANDSAT/LE07/C02/T1_L2
2016-04-15,294.98605503691886,LANDSAT/LE07/C02/T1_L2
2016-05-01,298.15203186291996,LANDSAT/LE07/C02/T1_L2
2016-05-01,298.30487733932404,LANDSAT/LE07/C02/T1_L2
2016-05-17,298.121935201195,LANDSAT/LE07/C02/T1_L2
2016-06-18,283.7973424243794,LANDSAT/LE07/C02/T1_L2
2016-08-05,302.19005778435655,LANDSAT/LE07/C02/T1_L2
2016-08-05,302.2049186671579,LANDSAT/LE07/C02/T1_L2
2016-08-21,301.86832381334165,LANDSAT/LE07/C02/T1_L2
2016-08-21,302.25736065179944,LANDSAT/LE07/C02/T1_L2
2016-09-22,300.6957833957144,LANDSAT/LE07/C02/T1_L2
2016-09-22,300.702159580798,LANDSAT/LE07/C02/T1_L2
2016-10-08,299.7677791789151,LANDSAT/LE07/C02/T1_L2
2016-10-08,299.7793639997388,LANDSAT/LE07/C02/T1_L2
2016-10-24,296.72274305990544,LANDSAT/LE07/C02/T1_L2
2016-10-24,296.7241483862932,LANDSAT/LE07/C02/T1_L2
2016-11-09,295.0625067567801,LANDSAT/LE07/C02/T1_L2
2016-11-09,295.0974749311937,LANDSAT/LE07/C02/T1_L2
2016-11-25,292.48629157602056,LANDSAT/LE07/C02/T1_L2
2016-11-25,292.3484325073823,LANDSAT/LE07/C02/T1_L2
2016-12-11,291.88504917678887,LANDSAT/LE07/C02/T1_L2
2016-12-11,291.90966443055174,LANDSAT/LE07/C02/T1_L2
2016-12-27,290.8291506150705,LANDSAT/LE07/C02/T1_L2
2016-12-27,290.8288479658903,LANDSAT/LE07/C02/T1_L2
2017-01-12,288.89126645452524,LANDSAT/LE07/C02/T1_L2
2017-01-12,289.0660472096949,LANDSAT/LE07/C02/T1_L2
2017-01-28,287.1467961551353,LANDSAT/LE07/C02/T1_L2
2017-01-28,287.1546899405256,LANDSAT/LE07/C02/T1_L2
2017-02-13,290.05630864904737,LANDSAT/LE07/C02/T1_L2
2017-02-13,290.0460314020859,LANDSAT/LE07/C02/T1_L2
2017-03-01,291.45312266159317,LANDSAT/LE07/C02/T1_L2
2017-03-01,291.3200778889933,LANDSAT/LE07/C02/T1_L2
2017-04-02,295.9997860849992,LANDSAT/LE07/C02/T1_L2
2017-04-02,296.01166837901377,LANDSAT/LE07/C02/T1_L2
2017-04-18,295.6318372515007,LANDSAT/LE07/C02/T1_L2
2017-04-18,295.6217279247429,LANDSAT/LE07/C02/T1_L2
2017-05-04,295.8554466167308,LANDSAT/LE07/C02/T1_L2
2017-05-04,295.9139183322897,LANDSAT/LE07/C02/T1_L2
2017-05-20,299.3611057471053,LANDSAT/LE07/C02/T1_L2
2017-05-20,299.37062381683745,LANDSAT/LE07/C02/T1_L2
2017-06-05,299.48956290218416,LANDSAT/LE07/C02/T1_L2
2017-06-05,299.63758730302567,LANDSAT/LE07/C02/T1_L2
2017-07-07,304.7007405629907,LANDSAT/LE07/C02/T1_L2
2017-07-07,304.6746145218006,LANDSAT/LE07/C02/T1_L2
2017-07-23,301.27962704000004,LANDSAT/LE07/C02/T1_L2
2017-08-08,273.93268639827846,LANDSAT/LE07/C02/T1_L2
2017-09-09,298.1619256486179,LANDSAT/LE07/C02/T1_L2
2017-09-09,298.18859218711077,LANDSAT/LE07/C02/T1_L2
2017-09-25,300.1444191656573,LANDSAT/LE07/C02/T1_L2
2017-09-25,300.1314265792058,LANDSAT/LE07/C02/T1_L2
2017-10-11,298.0054027995449,LANDSAT/LE07/C02/T1_L2
2017-10-11,298.16139623126946,LANDSAT/LE07/C02/T1_L2
2017-10-27,296.20522649810954,LANDSAT/LE07/C02/T1_L2
2017-10-27,296.0406217860101,LANDSAT/LE07/C02/T1_L2
2017-11-12,295.17486413034214,LANDSAT/LE07/C02/T1_L2
2017-11-12,295.1523732386721,LANDSAT/LE07/C02/T1_L2
2017-11-28,291.982753854186,LANDSAT/LE07/C02/T1_L2
2017-11-28,291.9774397463095,LANDSAT/LE07/C02/T1_L2
2017-12-14,291.82282844817837,LANDSAT/LE07/C02/T1_L2
2017-12-14,291.7954078180208,LANDSAT/LE07/C02/T1_L2
2017-12-30,283.79439542331244,LANDSAT/LE07/C02/T1_L2
2017-12-30,283.88970469079766,LANDSAT/LE07/C02/T1_L2
2018-01-15,287.5375799212205,LANDSAT/LE07/C02/T1_L2
2018-01-15,287.66879280650545,LANDSAT/LE07/C02/T1_L2
2018-02-16,289.7976253337054,LANDSAT/LE07/C02/T1_L2
2018-02-16,289.94788181460615,LANDSAT/LE07/C02/T1_L2
2018-03-04,287.39576334969837,LANDSAT/LE07/C02/T1_L2
2018-03-04,288.67778871758964,LANDSAT/LE07/C02/T1_L2
2018-03-20,294.1582318290749,LANDSAT/LE07/C02/T1_L2
2018-03-20,294.16686569334263,LANDSAT/LE07/C02/T1_L2
2018-04-05,286.2818933795714,LANDSAT/LE07/C02/T1_L2
2018-04-21,298.34825060315006,LANDSAT/LE07/C02/T1_L2
2018-04-21,298.3475395172728,LANDSAT/LE07/C02/T1_L2
2018-05-07,296.82231346245425,LANDSAT/LE07/C02/T1_L2
2018-06-24,300.988398213396,LANDSAT/LE07/C02/T1_L2
2018-07-26,259.1210006338882,LANDSAT/LE07/C02/T1_L2
2018-08-27,303.993797564741,LANDSAT/LE07/C02/T1_L2
2018-09-12,274.82073422,LANDSAT/LE07/C02/T1_L2
2018-10-14,297.2834397814881,LANDSAT/LE07/C02/T1_L2
2018-10-14,297.2812643443138,LANDSAT/LE07/C02/T1_L2
2018-10-30,294.8759072570101,LANDSAT/LE07/C02/T1_L2
2018-10-30,294.88827653628084,LANDSAT/LE07/C02/T1_L2
2018-11-15,293.2339028194633,LANDSAT/LE07/C02/T1_L2
2018-11-15,293.0496539261166,LANDSAT/LE07/C02/T1_L2
2018-12-01,290.9853670073797,LANDSAT/LE07/C02/T1_L2
2018-12-01,290.9486160295407,LANDSAT/LE07/C02/T1_L2
2018-12-17,289.79517815175467,LANDSAT/LE07/C02/T1_L2
2018-12-17,289.90628011132384,LANDSAT/LE07/C02/T1_L2
2019-01-02,288.82585282997786,LANDSAT/LE07/C02/T1_L2
2019-01-02,288.833143957615,LANDSAT/LE07/C02/T1_L2
2019-01-18,288.1659590934352,LANDSAT/LE07/C02/T1_L2
2019-01-18,288.3437535096568,LANDSAT/LE07/C02/T1_L2
2019-02-03,288.4279609800331,LANDSAT/LE07/C02/T1_L2
2019-02-03,288.4341835935751,LANDSAT/LE07/C02/T1_L2
2019-03-07,290.9294440675993,LANDSAT/LE07/C02/T1_L2
2019-03-07,290.923667697789,LANDSAT/LE07/C02/T1_L2
2019-03-23,293.71362612953783,LANDSAT/LE07/C02/T1_L2
2019-03-23,293.70970711030566,LANDSAT/LE07/C02/T1_L2
2019-04-08,292.6096191618218,LANDSAT/LE07/C02/T1_L2
2019-04-08,292.6210567481815,LANDSAT/LE07/C02/T1_L2
2019-04-24,295.00226188977496,LANDSAT/LE07/C02/T1_L2
2019-05-10,297.8773499581876,LANDSAT/LE07/C02/T1_L2
2019-05-10,297.9100530036807,LANDSAT/LE07/C02/T1_L2
2019-05-26,290.17561985479614,LANDSAT/LE07/C02/T1_L2
2019-05-26,290.1830687846999,LANDSAT/LE07/C02/T1_L2
2019-06-11,299.50437060801727,LANDSAT/LE07/C02/T1_L2
2019-06-11,299.5916463450309,LANDSAT/LE07/C02/T1_L2
2019-06-27,296.96813276139244,LANDSAT/LE07/C02/T1_L2
2019-06-27,296.91791414977536,LANDSAT/LE07/C02/T1_L2
2019-08-14,283.5977199920114,LANDSAT/LE07/C02/T1_L2
2019-08-30,281.32837027318715,LANDSAT/LE07/C02/T1_L2
2019-10-01,292.5393228113616,LANDSAT/LE07/C02/T1_L2
2019-10-17,298.9311866260416,LANDSAT/LE07/C02/T1_L2
2019-10-17,298.6335909790268,LANDSAT/LE07/C02/T1_L2
2019-11-02,294.87973231950934,LANDSAT/LE07/C02/T1_L2
2019-11-02,294.89752978231667,LANDSAT/LE07/C02/T1_L2
2019-12-04,292.0144234281802,LANDSAT/LE07/C02/T1_L2
2019-12-04,291.86587142834077,LANDSAT/LE07/C02/T1_L2
2019-12-20,282.9531404525441,LANDSAT/LE07/C02/T1_L2
2019-12-20,283.3156395028761,LANDSAT/LE07/C02/T1_L2
2020-01-05,287.87289683220115,LANDSAT/LE07/C02/T1_L2
2020-01-05,287.67647235938045,LANDSAT/LE07/C02/T1_L2
2020-02-06,285.83676075647,LANDSAT/LE07/C02/T1_L2
2020-02-06,285.7124365550277,LANDSAT/LE07/C02/T1_L2
2020-02-22,289.1292634455999,LANDSAT/LE07/C02/T1_L2
2020-02-22,289.11060761379633,LANDSAT/LE07/C02/T1_L2
2020-03-09,291.1578823818943,LANDSAT/LE07/C02/T1_L2
2020-03-09,291.1722904456818,LANDSAT/LE07/C02/T1_L2
2020-03-25,294.4661981371109,LANDSAT/LE07/C02/T1_L2
2020-03-25,294.45161197300115,LANDSAT/LE07/C02/T1_L2
2020-04-10,295.5573859190917,LANDSAT/LE07/C02/T1_L2
2020-04-10,295.55336502308813,LANDSAT/LE07/C02/T1_L2
2020-05-12,298.0496044313456,LANDSAT/LE07/C02/T1_L2
2020-05-12,298.0635378213704,LANDSAT/LE07/C02/T1_L2
2020-05-28,297.06475517569754,LANDSAT/LE07/C02/T1_L2
2020-05-28,297.2677589655645,LANDSAT/LE07/C02/T1_L2
2020-06-13,301.2902922356637,LANDSAT/LE07/C02/T1_L2
2020-06-13,301.28490970331825,LANDSAT/LE07/C02/T1_L2
2020-07-15,302.6123582371511,LANDSAT/LE07/C02/T1_L2
2020-07-15,303.09675356297987,LANDSAT/LE07/C02/T1_L2
2020-07-31,262.27660082,LANDSAT/LE07/C02/T1_L2
2020-09-01,283.3017013083981,LANDSAT/LE07/C02/T1_L2
2020-09-01,284.3939808371561,LANDSAT/LE07/C02/T1_L2
2020-10-03,287.603149656617,LANDSAT/LE07/C02/T1_L2
2020-10-19,297.33597418721575,LANDSAT/LE07/C02/T1_L2
2020-10-19,297.30730491418154,LANDSAT/LE07/C02/T1_L2
2020-11-04,295.3844016133238,LANDSAT/LE07/C02/T1_L2
2020-11-04,295.3794766381979,LANDSAT/LE07/C02/T1_L2
2020-11-20,293.6289472669005,LANDSAT/LE07/C02/T1_L2
2020-11-20,293.8089888865883,LANDSAT/LE07/C02/T1_L2
2020-12-06,291.1235806755392,LANDSAT/LE07/C02/T1_L2
2020-12-06,291.1134775774168,LANDSAT/LE07/C02/T1_L2
2020-12-22,289.47219584127794,LANDSAT/LE07/C02/T1_L2
2020-12-22,289.6158663681892,LANDSAT/LE07/C02/T1_L2
2021-01-07,288.5897186836795,LANDSAT/LE07/C02/T1_L2
2021-01-07,288.60222072825536,LANDSAT/LE07/C02/T1_L2
2021-01-23,287.8096337581317,LANDSAT/LE07/C02/T1_L2
2021-01-23,287.66701075865126,LANDSAT/LE07/C02/T1_L2
2021-02-08,288.25042656420777,LANDSAT/LE07/C02/T1_L2
2021-02-08,288.2527939122451,LANDSAT/LE07/C02/T1_L2
2021-02-24,289.28813501327187,LANDSAT/LE07/C02/T1_L2
2021-02-24,289.13586804607013,LANDSAT/LE07/C02/T1_L2
2021-03-12,291.5284486426785,LANDSAT/LE07/C02/T1_L2
2021-03-12,291.5176566988378,LANDSAT/LE07/C02/T1_L2
2021-03-28,291.4455844669318,LANDSAT/LE07/C02/T1_L2
2021-04-13,293.1855503385334,LANDSAT/LE07/C02/T1_L2
2021-04-29,294.0084880946911,LANDSAT/LE07/C02/T1_L2
2021-04-29,294.01805468474913,LANDSAT/LE07/C02/T1_L2
2021-05-15,296.83724426642664,LANDSAT/LE07/C02/T1_L2
2021-05-15,296.8315255209821,LANDSAT/LE07/C02/T1_L2
2021-05-31,299.07993299260477,LANDSAT/LE07/C02/T1_L2
2021-05-31,298.77944229230934,LANDSAT/LE07/C02/T1_L2
2021-09-04,299.25087644023955,LANDSAT/LE07/C02/T1_L2
2021-09-04,299.27501744999086,LANDSAT/LE07/C02/T1_L2
2021-09-20,281.18508746,LANDSAT/LE07/C02/T1_L2
2021-10-06,297.3550509123281,LANDSAT/LE07/C02/T1_L2
2021-10-06,297.40035695109026,LANDSAT/LE07/C02/T1_L2
2021-11-07,293.5641149483906,LANDSAT/LE07/C02/T1_L2
2021-11-07,293.4205944559897,LANDSAT/LE07/C02/T1_L2
2021-12-09,290.6139689830569,LANDSAT/LE07/C02/T1_L2
2021-12-09,290.6208118052486,LANDSAT/LE07/C02/T1_L2
2021-12-25,289.61061166629713,LANDSAT/LE07/C02/T1_L2
2021-12-25,289.61219186218,LANDSAT/LE07/C02/T1_L2
2022-01-10,288.45055464473086,LANDSAT/LE07/C02/T1_L2
2022-01-10,288.4459485476363,LANDSAT/LE07/C02/T1_L2
2022-01-26,288.31127329075235,LANDSAT/LE07/C02/T1_L2
2022-01-26,288.4982892821068,LANDSAT/LE07/C02/T1_L2
2022-02-11,288.0529437815323,LANDSAT/LE07/C02/T1_L2
2022-02-11,288.0539437268945,LANDSAT/LE07/C02/T1_L2
2022-02-27,289.16602740231275,LANDSAT/LE07/C02/T1_L2
2022-02-27,289.1580012417524,LANDSAT/LE07/C02/T1_L2
2022-03-15,294.3917302907438,LANDSAT/LE07/C02/T1_L2
2022-03-15,294.39629322849004,LANDSAT/LE07/C02/T1_L2
2022-03-31,288.4475168039294,LANDSAT/LE07/C02/T1_L2
2022-03-31,290.4098394917713,LANDSAT/LE07/C02/T1_L2
2022-05-10,298.50595405120106,LANDSAT/LE07/C02/T1_L2
2022-05-10,298.54154691649245,LANDSAT/LE07/C02/T1_L2
2022-05-15,292.60755671062776,LANDSAT/LE07/C02/T1_L2
2022-05-27,297.6971168991643,LANDSAT/LE07/C02/T1_L2
2022-05-27,297.7060696457639,LANDSAT/LE07/C02/T1_L2
2022-06-01,293.41883179353783,LANDSAT/LE07/C02/T1_L2
2022-06-13,294.6306097275291,LANDSAT/LE07/C02/T1_L2
2022-06-18,300.06964796,LANDSAT/LE07/C02/T1_L2
2022-07-17,301.52508667052797,LANDSAT/LE07/C02/T1_L2
2022-07-17,301.5350667790107,LANDSAT/LE07/C02/T1_L2
2022-08-20,300.58603620701814,LANDSAT/LE07/C02/T1_L2
2022-09-06,294.0238082799149,LANDSAT/LE07/C02/T1_L2
2022-10-27,293.5645795704933,LANDSAT/LE07/C02/T1_L2
2022-10-27,293.5497339815711,LANDSAT/LE07/C02/T1_L2
2022-11-13,293.21972443965797,LANDSAT/LE07/C02/T1_L2
2022-11-13,293.2306230283757,LANDSAT/LE07/C02/T1_L2
2022-11-18,292.1216773261883,LANDSAT/LE07/C02/T1_L2
2022-11-30,286.00356726560443,LANDSAT/LE07/C02/T1_L2
2022-11-30,286.03795081483,LANDSAT/LE07/C02/T1_L2
2022-12-05,288.9223234079987,LANDSAT/LE07/C02/T1_L2
2022-12-17,289.9319134560033,LANDSAT/LE07/C02/T1_L2
2022-12-17,289.9484742008332,LANDSAT/LE07/C02/T1_L2
2022-12-22,289.94690517345583,LANDSAT/LE07/C02/T1_L2
2023-01-08,288.84428109166856,LANDSAT/LE07/C02/T1_L2
2023-01-08,288.81729740800745,LANDSAT/LE07/C02/T1_L2
2023-02-11,289.01075249171936,LANDSAT/LE07/C02/T1_L2
2023-02-11,288.8210371444839,LANDSAT/LE07/C02/T1_L2
2023-02-16,289.5168944059828,LANDSAT/LE07/C02/T1_L2
2023-03-05,291.3051449762181,LANDSAT/LE07/C02/T1_L2
2023-03-05,291.30278470002054,LANDSAT/LE07/C02/T1_L2
2023-03-22,291.8976152717942,LANDSAT/LE07/C02/T1_L2
2023-03-22,291.8958926176804,LANDSAT/LE07/C02/T1_L2
2023-03-27,293.3684821362829,LANDSAT/LE07/C02/T1_L2
2023-04-13,293.79287775885734,LANDSAT/LE07/C02/T1_L2
2023-04-18,294.5570668665231,LANDSAT/LE07/C02/T1_L2
2023-05-05,294.7015430605991,LANDSAT/LE07/C02/T1_L2
2023-05-05,294.6624743481091,LANDSAT/LE07/C02/T1_L2
2023-05-27,295.75661076164016,LANDSAT/LE07/C02/T1_L2
2023-05-27,295.7527509909725,LANDSAT/LE07/C02/T1_L2
2023-06-01,298.63395148942465,LANDSAT/LE07/C02/T1_L2
2023-06-18,301.83583057440507,LANDSAT/LE07/C02/T1_L2
2023-06-18,301.82684198743914,LANDSAT/LE07/C02/T1_L2
2023-08-11,285.72015672936817,LANDSAT/LE07/C02/T1_L2
2023-08-28,293.72737864579136,LANDSAT/LE07/C02/T1_L2
2023-09-24,264.0560843548718,LANDSAT/LE07/C02/T1_L2
2023-09-29,293.0153456323778,LANDSAT/LE07/C02/T1_L2
2023-10-21,295.4590182247981,LANDSAT/LE07/C02/T1_L2
2023-10-21,295.3144369497809,LANDSAT/LE07/C02/T1_L2
2023-10-26,295.7707419252216,LANDSAT/LE07/C02/T1_L2
2023-11-17,293.7757787281,LANDSAT/LE07/C02/T1_L2
2023-11-17,293.9312606971809,LANDSAT/LE07/C02/T1_L2
2023-11-22,284.7429984919313,LANDSAT/LE07/C02/T1_L2
2023-11-22,290.91277238,LANDSAT/LE07/C02/T1_L2
2023-11-27,259.2383784560085,LANDSAT/LE07/C02/T1_L2
2013-04-08,296.0725854464171,LANDSAT/LC08/C02/T1_L2
2013-04-15,293.6569342053716,LANDSAT/LC08/C02/T1_L2
2013-04-15,293.70395354985396,LANDSAT/LC08/C02/T1_L2
2013-05-01,299.405704112694,LANDSAT/LC08/C02/T1_L2
2013-05-01,299.40487180113877,LANDSAT/LC08/C02/T1_L2
2013-05-17,298.7014381200175,LANDSAT/LC08/C02/T1_L2
2013-05-17,298.7050700342077,LANDSAT/LC08/C02/T1_L2
2013-06-02,300.3287446091876,LANDSAT/LC08/C02/T1_L2
2013-09-06,304.20343172837875,LANDSAT/LC08/C02/T1_L2
2013-09-06,304.2018195282492,LANDSAT/LC08/C02/T1_L2
2013-09-22,307.34397449529104,LANDSAT/LC08/C02/T1_L2
2013-09-22,307.34275058979426,LANDSAT/LC08/C02/T1_L2
2013-10-08,296.6424114414753,LANDSAT/LC08/C02/T1_L2
2013-10-08,296.64492056575796,LANDSAT/LC08/C02/T1_L2
2013-10-24,298.6595144860224,LANDSAT/LC08/C02/T1_L2
2013-10-24,298.6595943272868,LANDSAT/LC08/C02/T1_L2
2013-11-09,294.4648514100956,LANDSAT/LC08/C02/T1_L2
2013-11-09,294.4641624014778,LANDSAT/LC08/C02/T1_L2
2013-11-25,292.673472835786,LANDSAT/LC08/C02/T1_L2
2013-11-25,292.67369355874973,LANDSAT/LC08/C02/T1_L2
2013-12-11,291.65914248491924,LANDSAT/LC08/C02/T1_L2
2013-12-11,291.661508127769,LANDSAT/LC08/C02/T1_L2
2013-12-27,289.65018074514524,LANDSAT/LC08/C02/T1_L2
2013-12-27,289.6511973298897,LANDSAT/LC08/C02/T1_L2
2014-01-12,288.38629711040414,LANDSAT/LC08/C02/T1_L2
2014-01-12,288.3867374157122,LANDSAT/LC08/C02/T1_L2
2014-01-28,289.6165796521643,LANDSAT/LC08/C02/T1_L2
2014-01-28,289.616152769882,LANDSAT/LC08/C02/T1_L2
2014-02-13,290.2154997867702,LANDSAT/LC08/C02/T1_L2
2014-02-13,290.2176588677906,LANDSAT/LC08/C02/T1_L2
2014-03-17,294.64504412157277,LANDSAT/LC08/C02/T1_L2
2014-03-17,294.64691033399873,LANDSAT/LC08/C02/T1_L2
2014-04-02,297.0821211095261,LANDSAT/LC08/C02/T1_L2
2014-04-02,297.0834969247788,LANDSAT/LC08/C02/T1_L2
2014-04-18,292.5438780840918,LANDSAT/LC08/C02/T1_L2
2014-04-18,292.79951942,LANDSAT/LC08/C02/T1_L2
2014-05-04,295.73127993214695,LANDSAT/LC08/C02/T1_L2
2014-05-04,293.92345063044957,LANDSAT/LC08/C02/T1_L2
2014-05-20,298.70874790594223,LANDSAT/LC08/C02/T1_L2
2014-05-20,298.7501283623287,LANDSAT/LC08/C02/T1_L2
2014-06-05,298.4033627931036,LANDSAT/LC08/C02/T1_L2
2014-06-05,298.47492987531916,LANDSAT/LC08/C02/T1_L2
2014-07-07,295.490615740238,LANDSAT/LC08/C02/T1_L2
2014-08-24,294.7674837938113,LANDSAT/LC08/C02/T1_L2
2014-08-24,294.774323230573,LANDSAT/LC08/C02/T1_L2
2014-09-09,292.9813728193936,LANDSAT/LC08/C02/T1_L2
2014-09-09,292.9923318765675,LANDSAT/LC08/C02/T1_L2
2014-10-11,298.76578706692203,LANDSAT/LC08/C02/T1_L2
2014-10-27,297.0671365638149,LANDSAT/LC08/C02/T1_L2
2014-10-27,297.06875451510376,LANDSAT/LC08/C02/T1_L2
2014-11-12,295.079882392924,LANDSAT/LC08/C02/T1_L2
2014-11-12,295.08100342246394,LANDSAT/LC08/C02/T1_L2
2014-11-28,292.1189869611803,LANDSAT/LC08/C02/T1_L2
2014-11-28,292.12113789196206,LANDSAT/LC08/C02/T1_L2
2014-12-30,289.50872331968753,LANDSAT/LC08/C02/T1_L2
2014-12-30,289.5073189892065,LANDSAT/LC08/C02/T1_L2
2015-01-15,289.409114107873,LANDSAT/LC08/C02/T1_L2
2015-01-15,289.4077308737905,LANDSAT/LC08/C02/T1_L2
2015-01-31,288.56965436886185,LANDSAT/LC08/C02/T1_L2
2015-01-31,288.5689225514697,LANDSAT/LC08/C02/T1_L2
2015-02-16,290.2433685540579,LANDSAT/LC08/C02/T1_L2
2015-02-16,290.2430650025667,LANDSAT/LC08/C02/T1_L2
2015-03-20,294.37356017963236,LANDSAT/LC08/C02/T1_L2
2015-04-05,289.6358661140723,LANDSAT/LC08/C02/T1_L2
2015-04-05,290.0151731428779,LANDSAT/LC08/C02/T1_L2
2015-04-21,297.1152799891107,LANDSAT/LC08/C02/T1_L2
2015-04-21,297.0924416177947,LANDSAT/LC08/C02/T1_L2
2015-05-23,299.9381127449963,LANDSAT/LC08/C02/T1_L2
2015-06-08,301.4931977669776,LANDSAT/LC08/C02/T1_L2
2015-06-08,301.55257092702993,LANDSAT/LC08/C02/T1_L2
2015-07-26,302.96361484142784,LANDSAT/LC08/C02/T1_L2
2015-07-26,302.98446714816134,LANDSAT/LC08/C02/T1_L2
2015-09-28,297.7791372735614,LANDSAT/LC08/C02/T1_L2
2015-09-28,297.7849980741249,LANDSAT/LC08/C02/T1_L2
2015-10-14,300.78389369483585,LANDSAT/LC08/C02/T1_L2
2015-10-14,300.777851272853,LANDSAT/LC08/C02/T1_L2
2015-11-15,295.11621771998676,LANDSAT/LC08/C02/T1_L2
2015-11-15,295.1149139742841,LANDSAT/LC08/C02/T1_L2
2015-12-01,292.71725037023475,LANDSAT/LC08/C02/T1_L2
2015-12-01,292.7156907510834,LANDSAT/LC08/C02/T1_L2
2015-12-17,291.1850393175037,LANDSAT/LC08/C02/T1_L2
2015-12-17,291.18358254125246,LANDSAT/LC08/C02/T1_L2
2016-01-02,289.4017108613518,LANDSAT/LC08/C02/T1_L2
2016-01-02,289.40293375913456,LANDSAT/LC08/C02/T1_L2
2016-01-18,289.34998280908934,LANDSAT/LC08/C02/T1_L2
2016-01-18,289.3501204681157,LANDSAT/LC08/C02/T1_L2
2016-02-03,288.85545687173993,LANDSAT/LC08/C02/T1_L2
2016-02-03,288.8556123145109,LANDSAT/LC08/C02/T1_L2
2016-03-06,291.40416697048363,LANDSAT/LC08/C02/T1_L2
2016-03-06,291.4041725673174,LANDSAT/LC08/C02/T1_L2
2016-03-22,294.6936882015621,LANDSAT/LC08/C02/T1_L2
2016-03-22,294.694687261092,LANDSAT/LC08/C02/T1_L2
2016-04-07,297.17774570121355,LANDSAT/LC08/C02/T1_L2
2016-04-07,297.18021313925203,LANDSAT/LC08/C02/T1_L2
2016-04-23,299.31802185249023,LANDSAT/LC08/C02/T1_L2
2016-05-09,290.15445024126336,LANDSAT/LC08/C02/T1_L2
2016-05-25,288.54000389568034,LANDSAT/LC08/C02/T1_L2
2016-06-10,295.1623500652486,LANDSAT/LC08/C02/T1_L2
2016-06-10,295.90012289865615,LANDSAT/LC08/C02/T1_L2
2016-06-26,305.2103832401145,LANDSAT/LC08/C02/T1_L2
2016-06-26,305.2147600802651,LANDSAT/LC08/C02/T1_L2
2016-09-14,300.0957152041836,LANDSAT/LC08/C02/T1_L2
2016-09-14,300.1036462971988,LANDSAT/LC08/C02/T1_L2
2016-09-30,301.1685675786748,LANDSAT/LC08/C02/T1_L2
2016-09-30,301.175050092119,LANDSAT/LC08/C02/T1_L2
2016-10-16,296.58831943494647,LANDSAT/LC08/C02/T1_L2
2016-10-16,296.5934825031992,LANDSAT/LC08/C02/T1_L2
2016-11-01,296.3851777886636,LANDSAT/LC08/C02/T1_L2
2016-11-01,296.3860160880359,LANDSAT/LC08/C02/T1_L2
2016-11-17,294.15157467553604,LANDSAT/LC08/C02/T1_L2
2016-11-17,294.15069157843106,LANDSAT/LC08/C02/T1_L2
2016-12-03,291.44787643711817,LANDSAT/LC08/C02/T1_L2
2016-12-03,291.44720430806615,LANDSAT/LC08/C02/T1_L2
2016-12-19,291.07407672774536,LANDSAT/LC08/C02/T1_L2
2016-12-19,291.0736362059831,LANDSAT/LC08/C02/T1_L2
2017-01-04,290.3375077059224,LANDSAT/LC08/C02/T1_L2
2017-01-04,290.3367899188857,LANDSAT/LC08/C02/T1_L2
2017-01-20,289.70946872118145,LANDSAT/LC08/C02/T1_L2
2017-01-20,289.7090435734868,LANDSAT/LC08/C02/T1_L2
2017-02-21,292.5171381206945,LANDSAT/LC08/C02/T1_L2
2017-02-21,292.5192581544744,LANDSAT/LC08/C02/T1_L2
2017-03-25,294.59686742036325,LANDSAT/LC08/C02/T1_L2
2017-03-25,294.59833128506364,LANDSAT/LC08/C02/T1_L2
2017-04-10,297.43119150900674,LANDSAT/LC08/C02/T1_L2
2017-04-10,297.4280604496314,LANDSAT/LC08/C02/T1_L2
2017-04-26,298.5615693730942,LANDSAT/LC08/C02/T1_L2
2017-04-26,298.56357160214446,LANDSAT/LC08/C02/T1_L2
2017-05-12,299.25073568085014,LANDSAT/LC08/C02/T1_L2
2017-05-12,299.24916593471886,LANDSAT/LC08/C02/T1_L2
2017-06-13,300.3218931819203,LANDSAT/LC08/C02/T1_L2
2017-06-13,300.315309726863,LANDSAT/LC08/C02/T1_L2
2017-09-17,301.46136848375596,LANDSAT/LC08/C02/T1_L2
2017-09-17,301.4695193226558,LANDSAT/LC08/C02/T1_L2
2017-10-19,301.10925436145595,LANDSAT/LC08/C02/T1_L2
2017-10-19,301.11063556150845,LANDSAT/LC08/C02/T1_L2
2017-11-04,296.36121026221946,LANDSAT/LC08/C02/T1_L2
2017-11-04,296.3597657581145,LANDSAT/LC08/C02/T1_L2
2017-11-20,295.24172756901714,LANDSAT/LC08/C02/T1_L2
2017-11-20,295.2427061370502,LANDSAT/LC08/C02/T1_L2
2017-12-06,292.85818478019155,LANDSAT/LC08/C02/T1_L2
2017-12-06,292.8574363922313,LANDSAT/LC08/C02/T1_L2
2017-12-22,290.9182191695498,LANDSAT/LC08/C02/T1_L2
2017-12-22,290.9199240834866,LANDSAT/LC08/C02/T1_L2
2018-01-07,288.91921246134774,LANDSAT/LC08/C02/T1_L2
2018-01-07,288.91938695187247,LANDSAT/LC08/C02/T1_L2
2018-01-23,288.88663268878213,LANDSAT/LC08/C02/T1_L2
2018-01-23,288.8850408086993,LANDSAT/LC08/C02/T1_L2
2018-02-08,289.90319677063536,LANDSAT/LC08/C02/T1_L2
2018-02-08,289.90325500291107,LANDSAT/LC08/C02/T1_L2
2018-02-24,291.12214753726556,LANDSAT/LC08/C02/T1_L2
2018-02-24,291.12067370424614,LANDSAT/LC08/C02/T1_L2
2018-03-12,286.6786602893549,LANDSAT/LC08/C02/T1_L2
2018-03-28,294.0162604840372,LANDSAT/LC08/C02/T1_L2
2018-03-28,294.0331967934544,LANDSAT/LC08/C02/T1_L2
2018-04-13,297.6898796755081,LANDSAT/LC08/C02/T1_L2
2018-04-13,297.6923013383693,LANDSAT/LC08/C02/T1_L2
2018-05-15,297.8176068070668,LANDSAT/LC08/C02/T1_L2
2018-08-19,280.41605818494423,LANDSAT/LC08/C02/T1_L2
2018-09-04,298.35457939391245,LANDSAT/LC08/C02/T1_L2
2018-09-04,298.3548607268963,LANDSAT/LC08/C02/T1_L2
2018-09-20,297.9246592874578,LANDSAT/LC08/C02/T1_L2
2018-09-20,297.91704130829663,LANDSAT/LC08/C02/T1_L2
2018-10-06,300.3126000302548,LANDSAT/LC08/C02/T1_L2
2018-10-06,300.312340267318,LANDSAT/LC08/C02/T1_L2
2018-10-22,296.04977772579747,LANDSAT/LC08/C02/T1_L2
2018-10-22,296.05028007287353,LANDSAT/LC08/C02/T1_L2
2018-11-07,294.18050145012313,LANDSAT/LC08/C02/T1_L2
2018-11-07,294.1804866789167,LANDSAT/LC08/C02/T1_L2
2018-11-23,293.2395438827424,LANDSAT/LC08/C02/T1_L2
2018-11-23,293.2402579677725,LANDSAT/LC08/C02/T1_L2
2018-12-09,291.28253115033056,LANDSAT/LC08/C02/T1_L2
2018-12-09,291.2813496028082,LANDSAT/LC08/C02/T1_L2
2018-12-25,289.7254367634328,LANDSAT/LC08/C02/T1_L2
2018-12-25,289.725994566259,LANDSAT/LC08/C02/T1_L2
2019-01-10,288.2190259137821,LANDSAT/LC08/C02/T1_L2
2019-01-10,288.2177421468329,LANDSAT/LC08/C02/T1_L2
2019-03-15,293.62033934134104,LANDSAT/LC08/C02/T1_L2
2019-03-15,293.61647615730953,LANDSAT/LC08/C02/T1_L2
2019-03-31,293.6646351159326,LANDSAT/LC08/C02/T1_L2
2019-03-31,293.66544675329266,LANDSAT/LC08/C02/T1_L2
2019-04-16,290.35464859148544,LANDSAT/LC08/C02/T1_L2
2019-05-02,299.12953532795154,LANDSAT/LC08/C02/T1_L2
2019-05-02,299.1293608768853,LANDSAT/LC08/C02/T1_L2
2019-05-18,298.9078159436645,LANDSAT/LC08/C02/T1_L2
2019-06-19,301.3180321440596,LANDSAT/LC08/C02/T1_L2
2019-06-19,301.3181091784084,LANDSAT/LC08/C02/T1_L2
2019-08-22,296.2670758857135,LANDSAT/LC08/C02/T1_L2
2019-08-22,296.2785707263698,LANDSAT/LC08/C02/T1_L2
2019-09-23,299.42299530836414,LANDSAT/LC08/C02/T1_L2
2019-09-23,299.42595408906527,LANDSAT/LC08/C02/T1_L2
2019-10-09,299.83011254535694,LANDSAT/LC08/C02/T1_L2
2019-10-09,299.8312948126974,LANDSAT/LC08/C02/T1_L2
2019-10-25,290.5292148883991,LANDSAT/LC08/C02/T1_L2
2019-11-10,295.21824030724235,LANDSAT/LC08/C02/T1_L2
2019-11-10,295.2182100743578,LANDSAT/LC08/C02/T1_L2
2019-11-26,294.2664013644575,LANDSAT/LC08/C02/T1_L2
2019-11-26,294.26287879090063,LANDSAT/LC08/C02/T1_L2
2019-12-28,288.72119432039517,LANDSAT/LC08/C02/T1_L2
2019-12-28,288.71918345017025,LANDSAT/LC08/C02/T1_L2
2020-01-13,287.7638192964287,LANDSAT/LC08/C02/T1_L2
2020-01-13,287.76155458531326,LANDSAT/LC08/C02/T1_L2
2020-01-29,289.265097696426,LANDSAT/LC08/C02/T1_L2
2020-01-29,289.25742198878186,LANDSAT/LC08/C02/T1_L2
2020-02-14,288.89231324352096,LANDSAT/LC08/C02/T1_L2
2020-02-14,288.8865369505271,LANDSAT/LC08/C02/T1_L2
2020-03-17,294.5741106369049,LANDSAT/LC08/C02/T1_L2
2020-03-17,294.57352107504005,LANDSAT/LC08/C02/T1_L2
2020-04-02,295.56329281068327,LANDSAT/LC08/C02/T1_L2
2020-04-02,295.56377221475003,LANDSAT/LC08/C02/T1_L2
2020-04-18,292.85840603848845,LANDSAT/LC08/C02/T1_L2
2020-08-24,298.4267110388742,LANDSAT/LC08/C02/T1_L2
2020-08-24,302.60736404804044,LANDSAT/LC08/C02/T1_L2
2020-09-25,297.6521701820649,LANDSAT/LC08/C02/T1_L2
2020-09-25,297.64648298040186,LANDSAT/LC08/C02/T1_L2
2020-10-11,301.4709545241022,LANDSAT/LC08/C02/T1_L2
2020-10-11,301.4754819057171,LANDSAT/LC08/C02/T1_L2
2020-10-27,296.90168265656155,LANDSAT/LC08/C02/T1_L2
2020-10-27,296.89891891727433,LANDSAT/LC08/C02/T1_L2
2020-11-12,294.7223679460742,LANDSAT/LC08/C02/T1_L2
2020-11-12,294.72245344285676,LANDSAT/LC08/C02/T1_L2
2020-11-28,292.5247973416141,LANDSAT/LC08/C02/T1_L2
2020-11-28,292.5224650498803,LANDSAT/LC08/C02/T1_L2
2020-12-14,291.5850086001795,LANDSAT/LC08/C02/T1_L2
2020-12-14,291.58619805194576,LANDSAT/LC08/C02/T1_L2
2020-12-30,289.47785683978464,LANDSAT/LC08/C02/T1_L2
2020-12-30,289.478973257164,LANDSAT/LC08/C02/T1_L2
2021-01-15,283.2993501629548,LANDSAT/LC08/C02/T1_L2
2021-01-31,288.10933250830686,LANDSAT/LC08/C02/T1_L2
2021-01-31,288.10813573353136,LANDSAT/LC08/C02/T1_L2
2021-02-16,290.14596654345826,LANDSAT/LC08/C02/T1_L2
2021-02-16,290.1428544296849,LANDSAT/LC08/C02/T1_L2
2021-03-04,291.0412287012869,LANDSAT/LC08/C02/T1_L2
2021-03-04,291.15799841014734,LANDSAT/LC08/C02/T1_L2
2021-03-20,294.3261372388406,LANDSAT/LC08/C02/T1_L2
2021-03-20,294.32218274179354,LANDSAT/LC08/C02/T1_L2
2021-04-05,293.252186759195,LANDSAT/LC08/C02/T1_L2
2021-05-23,299.0922685785003,LANDSAT/LC08/C02/T1_L2
2021-06-08,300.6201683917146,LANDSAT/LC08/C02/T1_L2
2021-09-12,302.58318572107765,LANDSAT/LC08/C02/T1_L2
2021-09-12,302.6003877809076,LANDSAT/LC08/C02/T1_L2
2021-09-28,269.3372316173034,LANDSAT/LC08/C02/T1_L2
2021-10-14,300.1804623620333,LANDSAT/LC08/C02/T1_L2
2021-10-14,300.18067766387776,LANDSAT/LC08/C02/T1_L2
2021-10-30,296.2946601780482,LANDSAT/LC08/C02/T1_L2
2021-10-30,296.29528906514554,LANDSAT/LC08/C02/T1_L2
2021-11-15,294.59898237377143,LANDSAT/LC08/C02/T1_L2
2021-11-15,294.59593454712183,LANDSAT/LC08/C02/T1_L2
2021-12-01,292.4201751399187,LANDSAT/LC08/C02/T1_L2
2021-12-01,292.4192217878112,LANDSAT/LC08/C02/T1_L2
2022-01-02,288.90090290143695,LANDSAT/LC08/C02/T1_L2
2022-01-02,288.9009293558029,LANDSAT/LC08/C02/T1_L2
2022-01-18,289.4032952951234,LANDSAT/LC08/C02/T1_L2
2022-01-18,289.40500566085194,LANDSAT/LC08/C02/T1_L2
2022-02-19,289.8407964733698,LANDSAT/LC08/C02/T1_L2
2022-02-19,289.83932935650415,LANDSAT/LC08/C02/T1_L2
2022-03-23,295.0270454719991,LANDSAT/LC08/C02/T1_L2
2022-03-23,295.10046067936617,LANDSAT/LC08/C02/T1_L2
2022-04-08,295.87154192608745,LANDSAT/LC08/C02/T1_L2
2022-04-24,298.13565192701077,LANDSAT/LC08/C02/T1_L2
2022-04-24,298.1095945717183,LANDSAT/LC08/C02/T1_L2
2022-05-10,292.6497939246908,LANDSAT/LC08/C02/T1_L2
2022-05-26,298.8106599777488,LANDSAT/LC08/C02/T1_L2
2022-05-26,298.8085266951035,LANDSAT/LC08/C02/T1_L2
2022-06-11,294.73232085526456,LANDSAT/LC08/C02/T1_L2
2022-07-13,304.6770575872994,LANDSAT/LC08/C02/T1_L2
2022-07-13,304.68799292256284,LANDSAT/LC08/C02/T1_L2
2022-08-30,280.58053075187377,LANDSAT/LC08/C02/T1_L2
2022-10-01,294.69069541590454,LANDSAT/LC08/C02/T1_L2
2022-10-17,298.82591050337186,LANDSAT/LC08/C02/T1_L2
2022-10-17,298.8255300710332,LANDSAT/LC08/C02/T1_L2
2022-11-02,296.9983581304106,LANDSAT/LC08/C02/T1_L2
2022-11-02,297.00060470904344,LANDSAT/LC08/C02/T1_L2
2022-11-18,293.8807592955464,LANDSAT/LC08/C02/T1_L2
2022-11-18,293.8815384988669,LANDSAT/LC08/C02/T1_L2
2022-12-04,292.6368045221877,LANDSAT/LC08/C02/T1_L2
2022-12-04,292.638571826449,LANDSAT/LC08/C02/T1_L2
2022-12-20,291.28116479128335,LANDSAT/LC08/C02/T1_L2
2022-12-20,291.2814253347542,LANDSAT/LC08/C02/T1_L2
2023-01-05,289.0801697238789,LANDSAT/LC08/C02/T1_L2
2023-01-05,289.08199132388137,LANDSAT/LC08/C02/T1_L2
2023-01-21,288.95212089988695,LANDSAT/LC08/C02/T1_L2
2023-01-21,288.952907169568,LANDSAT/LC08/C02/T1_L2
2023-02-06,289.9600406724941,LANDSAT/LC08/C02/T1_L2
2023-02-06,289.96184598188063,LANDSAT/LC08/C02/T1_L2
2023-02-22,293.01313062382934,LANDSAT/LC08/C02/T1_L2
2023-02-22,293.0155448337896,LANDSAT/LC08/C02/T1_L2
2023-03-10,294.41232708568174,LANDSAT/LC08/C02/T1_L2
2023-03-10,294.40735805964766,LANDSAT/LC08/C02/T1_L2
2023-03-26,293.7703658830922,LANDSAT/LC08/C02/T1_L2
2023-03-26,293.76992969955853,LANDSAT/LC08/C02/T1_L2
2023-04-11,296.7078721374175,LANDSAT/LC08/C02/T1_L2
2023-04-11,296.70827666851136,LANDSAT/LC08/C02/T1_L2
2023-05-13,296.79497877737214,LANDSAT/LC08/C02/T1_L2
2023-05-29,298.4937109921762,LANDSAT/LC08/C02/T1_L2
2023-06-14,299.0343045138766,LANDSAT/LC08/C02/T1_L2
2023-06-14,299.02521959699027,LANDSAT/LC08/C02/T1_L2
2023-09-02,286.69990365411036,LANDSAT/LC08/C02/T1_L2
2023-09-02,287.84680844,LANDSAT/LC08/C02/T1_L2
2023-10-20,296.96957939195016,LANDSAT/LC08/C02/T1_L2
2023-10-20,296.9690699722253,LANDSAT/LC08/C02/T1_L2
2023-11-05,295.65260672765197,LANDSAT/LC08/C02/T1_L2
2023-11-05,295.6690536440862,LANDSAT/LC08/C02/T1_L2
2023-11-21,294.58756956913834,LANDSAT/LC08/C02/T1_L2
2023-11-21,294.5884210132267,LANDSAT/LC08/C02/T1_L2
2023-12-07,281.17112332511226,LANDSAT/LC08/C02/T1_L2
2024-01-08,291.12044834328145,LANDSAT/LC08/C02/T1_L2
2024-01-08,291.1213076844906,LANDSAT/LC08/C02/T1_L2
2024-01-24,290.0542293971325,LANDSAT/LC08/C02/T1_L2
2024-01-24,290.0496799792737,LANDSAT/LC08/C02/T1_L2
2024-02-09,286.3312330701778,LANDSAT/LC08/C02/T1_L2
2024-02-25,292.06535035713404,LANDSAT/LC08/C02/T1_L2
2024-02-25,292.0658995867084,LANDSAT/LC08/C02/T1_L2
2024-03-12,294.47001668086625,LANDSAT/LC08/C02/T1_L2
2024-03-12,294.4751664275852,LANDSAT/LC08/C02/T1_L2
2024-04-13,294.83687756632304,LANDSAT/LC08/C02/T1_L2
2024-04-13,294.8348252804878,LANDSAT/LC08/C02/T1_L2
2024-04-29,298.2770100553232,LANDSAT/LC08/C02/T1_L2
2024-05-15,300.17130269301975,LANDSAT/LC08/C02/T1_L2
2024-05-15,300.2195509238001,LANDSAT/LC08/C02/T1_L2
2024-05-31,301.4199907566654,LANDSAT/LC08/C02/T1_L2
2024-08-03,260.79683036681223,LANDSAT/LC08/C02/T1_L2
2024-08-19,290.79434423777707,LANDSAT/LC08/C02/T1_L2
2024-09-20,307.56542001653384,LANDSAT/LC08/C02/T1_L2
2024-09-20,307.56259110459797,LANDSAT/LC08/C02/T1_L2
2024-10-06,297.3166270858293,LANDSAT/LC08/C02/T1_L2
2024-10-06,297.3138537944104,LANDSAT/LC08/C02/T1_L2
2024-10-22,296.7918180203593,LANDSAT/LC08/C02/T1_L2
2024-10-22,296.7904738787601,LANDSAT/LC08/C02/T1_L2
2024-11-07,297.5171829131541,LANDSAT/LC08/C02/T1_L2
2024-11-07,297.5235114326953,LANDSAT/LC08/C02/T1_L2
2024-11-23,295.77958291507014,LANDSAT/LC08/C02/T1_L2
2024-11-23,295.78413133039726,LANDSAT/LC08/C02/T1_L2
2024-12-09,292.02492648903865,LANDSAT/LC08/C02/T1_L2
2024-12-09,292.0213051449249,LANDSAT/LC08/C02/T1_L2
2024-12-25,286.5446474734142,LANDSAT/LC08/C02/T1_L2
2025-01-10,288.66706388359654,LANDSAT/LC08/C02/T1_L2
2025-01-10,288.6705034253073,LANDSAT/LC08/C02/T1_L2
2025-01-26,280.4398239295271,LANDSAT/LC08/C02/T1_L2
2025-02-11,291.8398162190589,LANDSAT/LC08/C02/T1_L2
2025-02-11,291.84117735579554,LANDSAT/LC08/C02/T1_L2
2025-02-27,288.91917092330505,LANDSAT/LC08/C02/T1_L2
2025-02-27,288.9162800468935,LANDSAT/LC08/C02/T1_L2
2025-03-15,295.17668695306236,LANDSAT/LC08/C02/T1_L2
2025-03-15,295.1847783243101,LANDSAT/LC08/C02/T1_L2
2025-03-31,295.8384154128242,LANDSAT/LC08/C02/T1_L2
2025-03-31,295.8410570404409,LANDSAT/LC08/C02/T1_L2
2025-04-16,299.05138453256325,LANDSAT/LC08/C02/T1_L2
2025-04-16,299.0571607383511,LANDSAT/LC08/C02/T1_L2
2025-05-02,299.86978092135035,LANDSAT/LC08/C02/T1_L2
2025-05-02,299.86709563085645,LANDSAT/LC08/C02/T1_L2
2025-05-18,298.4001279043284,LANDSAT/LC08/C02/T1_L2
2025-05-18,298.40335490585454,LANDSAT/LC08/C02/T1_L2
2025-07-05,302.6884109823858,LANDSAT/LC08/C02/T1_L2
2025-07-21,304.91587275653825,LANDSAT/LC08/C02/T1_L2
2025-07-21,304.9245641328066,LANDSAT/LC08/C02/T1_L2
2025-08-06,287.7450696455032,LANDSAT/LC08/C02/T1_L2
2025-09-23,305.0378856784473,LANDSAT/LC08/C02/T1_L2
2025-09-23,305.06836939481565,LANDSAT/LC08/C02/T1_L2
2021-11-10,296.152273604182,LANDSAT/LC09/C02/T1_L2
2021-11-10,296.15184344288207,LANDSAT/LC09/C02/T1_L2
2021-12-09,291.4218597510996,LANDSAT/LC09/C02/T1_L2
2021-12-09,291.42218729448985,LANDSAT/LC09/C02/T1_L2
2021-12-25,290.34580113998675,LANDSAT/LC09/C02/T1_L2
2021-12-25,290.34629833381996,LANDSAT/LC09/C02/T1_L2
2022-01-10,289.7667588538022,LANDSAT/LC09/C02/T1_L2
2022-01-10,289.7699527535653,LANDSAT/LC09/C02/T1_L2
2022-01-26,278.12798011533994,LANDSAT/LC09/C02/T1_L2
2022-01-26,283.7526570947531,LANDSAT/LC09/C02/T1_L2
2022-02-11,289.4306499912326,LANDSAT/LC09/C02/T1_L2
2022-02-11,289.43076354360534,LANDSAT/LC09/C02/T1_L2
2022-03-31,293.77713021690926,LANDSAT/LC09/C02/T1_L2
2022-04-16,298.60177986602463,LANDSAT/LC09/C02/T1_L2
2022-04-16,298.62597735727167,LANDSAT/LC09/C02/T1_L2
2022-05-02,299.8931686585817,LANDSAT/LC09/C02/T1_L2
2022-05-02,299.85781828997256,LANDSAT/LC09/C02/T1_L2
2022-05-18,300.78601751676797,LANDSAT/LC09/C02/T1_L2
2022-05-18,300.78620157273383,LANDSAT/LC09/C02/T1_L2
2022-06-03,293.78397541861034,LANDSAT/LC09/C02/T1_L2
2022-07-05,302.83110249702895,LANDSAT/LC09/C02/T1_L2
2022-07-05,302.9203543989509,LANDSAT/LC09/C02/T1_L2
2022-08-22,307.0434792741921,LANDSAT/LC09/C02/T1_L2
2022-08-22,307.05105683273734,LANDSAT/LC09/C02/T1_L2
2022-09-23,287.6042811136614,LANDSAT/LC09/C02/T1_L2
2022-10-25,295.8482531070056,LANDSAT/LC09/C02/T1_L2
2022-10-25,295.8482495284986,LANDSAT/LC09/C02/T1_L2
2022-11-10,295.175872034272,LANDSAT/LC09/C02/T1_L2
2022-11-10,295.1762401728161,LANDSAT/LC09/C02/T1_L2
2022-11-26,293.6867629922001,LANDSAT/LC09/C02/T1_L2
2022-11-26,293.6884901120004,LANDSAT/LC09/C02/T1_L2
2022-12-12,291.51432813373566,LANDSAT/LC09/C02/T1_L2
2022-12-12,291.51473165666016,LANDSAT/LC09/C02/T1_L2
2022-12-28,290.06514109227624,LANDSAT/LC09/C02/T1_L2
2022-12-28,290.0662945872343,LANDSAT/LC09/C02/T1_L2
2023-01-29,289.93676481510084,LANDSAT/LC09/C02/T1_L2
2023-01-29,289.93745468550367,LANDSAT/LC09/C02/T1_L2
2023-02-14,289.64063654603945,LANDSAT/LC09/C02/T1_L2
2023-02-14,289.64094766673986,LANDSAT/LC09/C02/T1_L2
2023-03-02,292.59369371880376,LANDSAT/LC09/C02/T1_L2
2023-03-02,292.5945628479474,LANDSAT/LC09/C02/T1_L2
2023-03-18,277.14234123554724,LANDSAT/LC09/C02/T1_L2
2023-04-03,294.2154777706753,LANDSAT/LC09/C02/T1_L2
2023-04-03,294.216893276836,LANDSAT/LC09/C02/T1_L2
2023-04-19,297.2777286038135,LANDSAT/LC09/C02/T1_L2
2023-04-19,297.2775164847781,LANDSAT/LC09/C02/T1_L2
2023-05-05,296.4856533870256,LANDSAT/LC09/C02/T1_L2
2023-05-05,296.4858678099066,LANDSAT/LC09/C02/T1_L2
2023-05-21,298.0210163282458,LANDSAT/LC09/C02/T1_L2
2023-06-06,301.5931972696349,LANDSAT/LC09/C02/T1_L2
2023-07-08,308.26613170198283,LANDSAT/LC09/C02/T1_L2
2023-07-08,308.17568873870556,LANDSAT/LC09/C02/T1_L2
2023-07-24,264.0386993297767,LANDSAT/LC09/C02/T1_L2
2023-09-10,302.34812451454985,LANDSAT/LC09/C02/T1_L2
2023-09-10,302.341661603022,LANDSAT/LC09/C02/T1_L2
2023-09-26,299.15576880010514,LANDSAT/LC09/C02/T1_L2
2023-09-26,299.1902833991284,LANDSAT/LC09/C02/T1_L2
2023-10-12,298.59776409236633,LANDSAT/LC09/C02/T1_L2
2023-10-12,298.60024178362363,LANDSAT/LC09/C02/T1_L2
2023-10-28,296.7400762484145,LANDSAT/LC09/C02/T1_L2
2023-10-28,296.7120579592669,LANDSAT/LC09/C02/T1_L2
2023-11-13,295.1896968499586,LANDSAT/LC09/C02/T1_L2
2023-11-13,295.1919366230714,LANDSAT/LC09/C02/T1_L2
2023-11-29,294.6192433878969,LANDSAT/LC09/C02/T1_L2
2023-11-29,294.617028736866,LANDSAT/LC09/C02/T1_L2
2023-12-15,290.8363296471199,LANDSAT/LC09/C02/T1_L2
2023-12-15,290.8368584196108,LANDSAT/LC09/C02/T1_L2
2023-12-31,290.5460740083454,LANDSAT/LC09/C02/T1_L2
2023-12-31,290.54467403477184,LANDSAT/LC09/C02/T1_L2
2024-01-16,290.85840779901525,LANDSAT/LC09/C02/T1_L2
2024-01-16,290.85718763331215,LANDSAT/LC09/C02/T1_L2
2024-02-17,290.42507043055423,LANDSAT/LC09/C02/T1_L2
2024-02-17,290.4236335379759,LANDSAT/LC09/C02/T1_L2
2024-03-04,292.1070741840476,LANDSAT/LC09/C02/T1_L2
2024-03-04,292.1108384231173,LANDSAT/LC09/C02/T1_L2
2024-04-21,288.56591207925095,LANDSAT/LC09/C02/T1_L2
2024-05-23,303.5527101677414,LANDSAT/LC09/C02/T1_L2
2024-05-23,303.55237131815227,LANDSAT/LC09/C02/T1_L2
2024-06-08,301.64068518216874,LANDSAT/LC09/C02/T1_L2
2024-06-24,310.76196751072325,LANDSAT/LC09/C02/T1_L2
2024-06-24,310.70997540325857,LANDSAT/LC09/C02/T1_L2
2024-10-14,270.1806951049293,LANDSAT/LC09/C02/T1_L2
2024-10-30,300.07492890057614,LANDSAT/LC09/C02/T1_L2
2024-10-30,300.0733216037456,LANDSAT/LC09/C02/T1_L2
2024-11-15,295.2152313005244,LANDSAT/LC09/C02/T1_L2
2024-11-15,295.21571524118275,LANDSAT/LC09/C02/T1_L2
2024-12-01,292.44339445099826,LANDSAT/LC09/C02/T1_L2
2024-12-01,292.44246588545104,LANDSAT/LC09/C02/T1_L2
2024-12-17,290.3236571942572,LANDSAT/LC09/C02/T1_L2
2024-12-17,290.3271822716017,LANDSAT/LC09/C02/T1_L2
2025-01-02,289.1347303977765,LANDSAT/LC09/C02/T1_L2
2025-01-02,289.13570286097445,LANDSAT/LC09/C02/T1_L2
2025-01-18,289.22701784736876,LANDSAT/LC09/C02/T1_L2
2025-01-18,289.22730462953496,LANDSAT/LC09/C02/T1_L2
2025-02-03,290.1407668597832,LANDSAT/LC09/C02/T1_L2
2025-02-03,290.14062909307427,LANDSAT/LC09/C02/T1_L2
2025-02-19,291.52520367258984,LANDSAT/LC09/C02/T1_L2
2025-02-19,291.525329883862,LANDSAT/LC09/C02/T1_L2
2025-03-07,292.5573698374426,LANDSAT/LC09/C02/T1_L2
2025-03-07,292.5529983662722,LANDSAT/LC09/C02/T1_L2
2025-03-23,293.8395689444441,LANDSAT/LC09/C02/T1_L2
2025-03-23,293.83943456921645,LANDSAT/LC09/C02/T1_L2
2025-04-08,295.5952660368666,LANDSAT/LC09/C02/T1_L2
2025-04-24,300.11218412852656,LANDSAT/LC09/C02/T1_L2
2025-04-24,300.1501134179227,LANDSAT/LC09/C02/T1_L2
2025-05-10,303.3415708564502,LANDSAT/LC09/C02/T1_L2
2025-05-10,303.3411676111075,LANDSAT/LC09/C02/T1_L2
2025-05-26,295.694658316,LANDSAT/LC09/C02/T1_L2
2025-06-11,307.2937546984553,LANDSAT/LC09/C02/T1_L2
2025-06-11,307.34442506058576,LANDSAT/LC09/C02/T1_L2
2025-06-27,293.91205941738605,LANDSAT/LC09/C02/T1_L2
2025-07-13,305.474368037657,LANDSAT/LC09/C02/T1_L2
2025-07-13,305.47467090591834,LANDSAT/LC09/C02/T1_L2
2025-08-30,294.4765267078703,LANDSAT/LC09/C02/T1_L2
2025-10-01,300.7048521055101,LANDSAT/LC09/C02/T1_L2
2025-10-01,300.71052322284316,LANDSAT/LC09/C02/T1_L2
